--
-- PostgreSQL database dump
--

-- Dumped from database version 13.3 (Ubuntu 13.3-1.pgdg18.04+1)
-- Dumped by pg_dump version 13.3 (Ubuntu 13.3-1.pgdg18.04+1)

SET statement_timeout = 0;
SET lock_timeout = 0;
SET idle_in_transaction_session_timeout = 0;
SET client_encoding = 'UTF8';
SET standard_conforming_strings = on;
SELECT pg_catalog.set_config('search_path', '', false);
SET check_function_bodies = false;
SET xmloption = content;
SET client_min_messages = warning;
SET row_security = off;

SET default_tablespace = '';

SET default_table_access_method = heap;

--
-- Name: auth_group; Type: TABLE; Schema: public; Owner: -
--

CREATE TABLE public.auth_group (
    id integer NOT NULL,
    name character varying(150) NOT NULL
);


--
-- Name: auth_group_id_seq; Type: SEQUENCE; Schema: public; Owner: -
--

CREATE SEQUENCE public.auth_group_id_seq
    AS integer
    START WITH 1
    INCREMENT BY 1
    NO MINVALUE
    NO MAXVALUE
    CACHE 1;


--
-- Name: auth_group_id_seq; Type: SEQUENCE OWNED BY; Schema: public; Owner: -
--

ALTER SEQUENCE public.auth_group_id_seq OWNED BY public.auth_group.id;


--
-- Name: auth_group_permissions; Type: TABLE; Schema: public; Owner: -
--

CREATE TABLE public.auth_group_permissions (
    id integer NOT NULL,
    group_id integer NOT NULL,
    permission_id integer NOT NULL
);


--
-- Name: auth_group_permissions_id_seq; Type: SEQUENCE; Schema: public; Owner: -
--

CREATE SEQUENCE public.auth_group_permissions_id_seq
    AS integer
    START WITH 1
    INCREMENT BY 1
    NO MINVALUE
    NO MAXVALUE
    CACHE 1;


--
-- Name: auth_group_permissions_id_seq; Type: SEQUENCE OWNED BY; Schema: public; Owner: -
--

ALTER SEQUENCE public.auth_group_permissions_id_seq OWNED BY public.auth_group_permissions.id;


--
-- Name: auth_permission; Type: TABLE; Schema: public; Owner: -
--

CREATE TABLE public.auth_permission (
    id integer NOT NULL,
    name character varying(255) NOT NULL,
    content_type_id integer NOT NULL,
    codename character varying(100) NOT NULL
);


--
-- Name: auth_permission_id_seq; Type: SEQUENCE; Schema: public; Owner: -
--

CREATE SEQUENCE public.auth_permission_id_seq
    AS integer
    START WITH 1
    INCREMENT BY 1
    NO MINVALUE
    NO MAXVALUE
    CACHE 1;


--
-- Name: auth_permission_id_seq; Type: SEQUENCE OWNED BY; Schema: public; Owner: -
--

ALTER SEQUENCE public.auth_permission_id_seq OWNED BY public.auth_permission.id;


--
-- Name: auth_user; Type: TABLE; Schema: public; Owner: -
--

CREATE TABLE public.auth_user (
    id integer NOT NULL,
    password character varying(128) NOT NULL,
    last_login timestamp with time zone,
    is_superuser boolean NOT NULL,
    username character varying(150) NOT NULL,
    first_name character varying(150) NOT NULL,
    last_name character varying(150) NOT NULL,
    email character varying(254) NOT NULL,
    is_staff boolean NOT NULL,
    is_active boolean NOT NULL,
    date_joined timestamp with time zone NOT NULL
);


--
-- Name: auth_user_groups; Type: TABLE; Schema: public; Owner: -
--

CREATE TABLE public.auth_user_groups (
    id integer NOT NULL,
    user_id integer NOT NULL,
    group_id integer NOT NULL
);


--
-- Name: auth_user_groups_id_seq; Type: SEQUENCE; Schema: public; Owner: -
--

CREATE SEQUENCE public.auth_user_groups_id_seq
    AS integer
    START WITH 1
    INCREMENT BY 1
    NO MINVALUE
    NO MAXVALUE
    CACHE 1;


--
-- Name: auth_user_groups_id_seq; Type: SEQUENCE OWNED BY; Schema: public; Owner: -
--

ALTER SEQUENCE public.auth_user_groups_id_seq OWNED BY public.auth_user_groups.id;


--
-- Name: auth_user_id_seq; Type: SEQUENCE; Schema: public; Owner: -
--

CREATE SEQUENCE public.auth_user_id_seq
    AS integer
    START WITH 1
    INCREMENT BY 1
    NO MINVALUE
    NO MAXVALUE
    CACHE 1;


--
-- Name: auth_user_id_seq; Type: SEQUENCE OWNED BY; Schema: public; Owner: -
--

ALTER SEQUENCE public.auth_user_id_seq OWNED BY public.auth_user.id;


--
-- Name: auth_user_user_permissions; Type: TABLE; Schema: public; Owner: -
--

CREATE TABLE public.auth_user_user_permissions (
    id integer NOT NULL,
    user_id integer NOT NULL,
    permission_id integer NOT NULL
);


--
-- Name: auth_user_user_permissions_id_seq; Type: SEQUENCE; Schema: public; Owner: -
--

CREATE SEQUENCE public.auth_user_user_permissions_id_seq
    AS integer
    START WITH 1
    INCREMENT BY 1
    NO MINVALUE
    NO MAXVALUE
    CACHE 1;


--
-- Name: auth_user_user_permissions_id_seq; Type: SEQUENCE OWNED BY; Schema: public; Owner: -
--

ALTER SEQUENCE public.auth_user_user_permissions_id_seq OWNED BY public.auth_user_user_permissions.id;


--
-- Name: django_admin_log; Type: TABLE; Schema: public; Owner: -
--

CREATE TABLE public.django_admin_log (
    id integer NOT NULL,
    action_time timestamp with time zone NOT NULL,
    object_id text,
    object_repr character varying(200) NOT NULL,
    action_flag smallint NOT NULL,
    change_message text NOT NULL,
    content_type_id integer,
    user_id integer NOT NULL,
    CONSTRAINT django_admin_log_action_flag_check CHECK ((action_flag >= 0))
);


--
-- Name: django_admin_log_id_seq; Type: SEQUENCE; Schema: public; Owner: -
--

CREATE SEQUENCE public.django_admin_log_id_seq
    AS integer
    START WITH 1
    INCREMENT BY 1
    NO MINVALUE
    NO MAXVALUE
    CACHE 1;


--
-- Name: django_admin_log_id_seq; Type: SEQUENCE OWNED BY; Schema: public; Owner: -
--

ALTER SEQUENCE public.django_admin_log_id_seq OWNED BY public.django_admin_log.id;


--
-- Name: django_content_type; Type: TABLE; Schema: public; Owner: -
--

CREATE TABLE public.django_content_type (
    id integer NOT NULL,
    app_label character varying(100) NOT NULL,
    model character varying(100) NOT NULL
);


--
-- Name: django_content_type_id_seq; Type: SEQUENCE; Schema: public; Owner: -
--

CREATE SEQUENCE public.django_content_type_id_seq
    AS integer
    START WITH 1
    INCREMENT BY 1
    NO MINVALUE
    NO MAXVALUE
    CACHE 1;


--
-- Name: django_content_type_id_seq; Type: SEQUENCE OWNED BY; Schema: public; Owner: -
--

ALTER SEQUENCE public.django_content_type_id_seq OWNED BY public.django_content_type.id;


--
-- Name: django_migrations; Type: TABLE; Schema: public; Owner: -
--

CREATE TABLE public.django_migrations (
    id integer NOT NULL,
    app character varying(255) NOT NULL,
    name character varying(255) NOT NULL,
    applied timestamp with time zone NOT NULL
);


--
-- Name: django_migrations_id_seq; Type: SEQUENCE; Schema: public; Owner: -
--

CREATE SEQUENCE public.django_migrations_id_seq
    AS integer
    START WITH 1
    INCREMENT BY 1
    NO MINVALUE
    NO MAXVALUE
    CACHE 1;


--
-- Name: django_migrations_id_seq; Type: SEQUENCE OWNED BY; Schema: public; Owner: -
--

ALTER SEQUENCE public.django_migrations_id_seq OWNED BY public.django_migrations.id;


--
-- Name: django_session; Type: TABLE; Schema: public; Owner: -
--

CREATE TABLE public.django_session (
    session_key character varying(40) NOT NULL,
    session_data text NOT NULL,
    expire_date timestamp with time zone NOT NULL
);


--
-- Name: fball_calculator_avrcomp; Type: TABLE; Schema: public; Owner: -
--

CREATE TABLE public.fball_calculator_avrcomp (
    id integer NOT NULL,
    "Pos" character varying(1) NOT NULL,
    "FGM" double precision NOT NULL,
    "FGA" double precision NOT NULL,
    "FG_PCT" double precision NOT NULL,
    "FG3M" double precision NOT NULL,
    "FTM" double precision NOT NULL,
    "FTA" double precision NOT NULL,
    "FT_PCT" double precision NOT NULL,
    "REB" double precision NOT NULL,
    "AST" double precision NOT NULL,
    "STL" double precision NOT NULL,
    "BLK" double precision NOT NULL,
    "TOV" double precision NOT NULL,
    "PTS" double precision NOT NULL
);


--
-- Name: fball_calculator_avrcomp_id_seq; Type: SEQUENCE; Schema: public; Owner: -
--

CREATE SEQUENCE public.fball_calculator_avrcomp_id_seq
    AS integer
    START WITH 1
    INCREMENT BY 1
    NO MINVALUE
    NO MAXVALUE
    CACHE 1;


--
-- Name: fball_calculator_avrcomp_id_seq; Type: SEQUENCE OWNED BY; Schema: public; Owner: -
--

ALTER SEQUENCE public.fball_calculator_avrcomp_id_seq OWNED BY public.fball_calculator_avrcomp.id;


--
-- Name: fball_calculator_player; Type: TABLE; Schema: public; Owner: -
--

CREATE TABLE public.fball_calculator_player (
    id integer NOT NULL,
    "PLAYER_ID" integer NOT NULL,
    "Player_Name" character varying(255) NOT NULL,
    "Team_ID" integer NOT NULL,
    "Team_Name" character varying(255) NOT NULL,
    "GP" integer NOT NULL,
    "MIN" double precision NOT NULL,
    "FGM" double precision NOT NULL,
    "FGA" double precision NOT NULL,
    "FG_PCT" double precision NOT NULL,
    "FG3M" double precision NOT NULL,
    "FG3A" double precision NOT NULL,
    "FG3_PCT" double precision NOT NULL,
    "FTM" double precision NOT NULL,
    "FTA" double precision NOT NULL,
    "FT_PCT" double precision NOT NULL,
    "OREB" double precision NOT NULL,
    "DREB" double precision NOT NULL,
    "REB" double precision NOT NULL,
    "AST" double precision NOT NULL,
    "STL" double precision NOT NULL,
    "BLK" double precision NOT NULL,
    "TOV" double precision NOT NULL,
    "PF" double precision NOT NULL,
    "PTS" double precision NOT NULL,
    "PosStr" character varying(3) NOT NULL,
    "FTeamPos" character varying(3) NOT NULL,
    "FTeam_id" integer
);


--
-- Name: fball_calculator_player_Pos; Type: TABLE; Schema: public; Owner: -
--

CREATE TABLE public."fball_calculator_player_Pos" (
    id integer NOT NULL,
    player_id integer NOT NULL,
    positions_id integer NOT NULL
);


--
-- Name: fball_calculator_player_Pos_id_seq; Type: SEQUENCE; Schema: public; Owner: -
--

CREATE SEQUENCE public."fball_calculator_player_Pos_id_seq"
    AS integer
    START WITH 1
    INCREMENT BY 1
    NO MINVALUE
    NO MAXVALUE
    CACHE 1;


--
-- Name: fball_calculator_player_Pos_id_seq; Type: SEQUENCE OWNED BY; Schema: public; Owner: -
--

ALTER SEQUENCE public."fball_calculator_player_Pos_id_seq" OWNED BY public."fball_calculator_player_Pos".id;


--
-- Name: fball_calculator_player_id_seq; Type: SEQUENCE; Schema: public; Owner: -
--

CREATE SEQUENCE public.fball_calculator_player_id_seq
    AS integer
    START WITH 1
    INCREMENT BY 1
    NO MINVALUE
    NO MAXVALUE
    CACHE 1;


--
-- Name: fball_calculator_player_id_seq; Type: SEQUENCE OWNED BY; Schema: public; Owner: -
--

ALTER SEQUENCE public.fball_calculator_player_id_seq OWNED BY public.fball_calculator_player.id;


--
-- Name: fball_calculator_positions; Type: TABLE; Schema: public; Owner: -
--

CREATE TABLE public.fball_calculator_positions (
    id integer NOT NULL,
    "Position" character varying(1) NOT NULL
);


--
-- Name: fball_calculator_positions_id_seq; Type: SEQUENCE; Schema: public; Owner: -
--

CREATE SEQUENCE public.fball_calculator_positions_id_seq
    AS integer
    START WITH 1
    INCREMENT BY 1
    NO MINVALUE
    NO MAXVALUE
    CACHE 1;


--
-- Name: fball_calculator_positions_id_seq; Type: SEQUENCE OWNED BY; Schema: public; Owner: -
--

ALTER SEQUENCE public.fball_calculator_positions_id_seq OWNED BY public.fball_calculator_positions.id;


--
-- Name: fball_calculator_team; Type: TABLE; Schema: public; Owner: -
--

CREATE TABLE public.fball_calculator_team (
    id integer NOT NULL,
    name character varying(255) NOT NULL
);


--
-- Name: fball_calculator_team_id_seq; Type: SEQUENCE; Schema: public; Owner: -
--

CREATE SEQUENCE public.fball_calculator_team_id_seq
    AS integer
    START WITH 1
    INCREMENT BY 1
    NO MINVALUE
    NO MAXVALUE
    CACHE 1;


--
-- Name: fball_calculator_team_id_seq; Type: SEQUENCE OWNED BY; Schema: public; Owner: -
--

ALTER SEQUENCE public.fball_calculator_team_id_seq OWNED BY public.fball_calculator_team.id;


--
-- Name: auth_group id; Type: DEFAULT; Schema: public; Owner: -
--

ALTER TABLE ONLY public.auth_group ALTER COLUMN id SET DEFAULT nextval('public.auth_group_id_seq'::regclass);


--
-- Name: auth_group_permissions id; Type: DEFAULT; Schema: public; Owner: -
--

ALTER TABLE ONLY public.auth_group_permissions ALTER COLUMN id SET DEFAULT nextval('public.auth_group_permissions_id_seq'::regclass);


--
-- Name: auth_permission id; Type: DEFAULT; Schema: public; Owner: -
--

ALTER TABLE ONLY public.auth_permission ALTER COLUMN id SET DEFAULT nextval('public.auth_permission_id_seq'::regclass);


--
-- Name: auth_user id; Type: DEFAULT; Schema: public; Owner: -
--

ALTER TABLE ONLY public.auth_user ALTER COLUMN id SET DEFAULT nextval('public.auth_user_id_seq'::regclass);


--
-- Name: auth_user_groups id; Type: DEFAULT; Schema: public; Owner: -
--

ALTER TABLE ONLY public.auth_user_groups ALTER COLUMN id SET DEFAULT nextval('public.auth_user_groups_id_seq'::regclass);


--
-- Name: auth_user_user_permissions id; Type: DEFAULT; Schema: public; Owner: -
--

ALTER TABLE ONLY public.auth_user_user_permissions ALTER COLUMN id SET DEFAULT nextval('public.auth_user_user_permissions_id_seq'::regclass);


--
-- Name: django_admin_log id; Type: DEFAULT; Schema: public; Owner: -
--

ALTER TABLE ONLY public.django_admin_log ALTER COLUMN id SET DEFAULT nextval('public.django_admin_log_id_seq'::regclass);


--
-- Name: django_content_type id; Type: DEFAULT; Schema: public; Owner: -
--

ALTER TABLE ONLY public.django_content_type ALTER COLUMN id SET DEFAULT nextval('public.django_content_type_id_seq'::regclass);


--
-- Name: django_migrations id; Type: DEFAULT; Schema: public; Owner: -
--

ALTER TABLE ONLY public.django_migrations ALTER COLUMN id SET DEFAULT nextval('public.django_migrations_id_seq'::regclass);


--
-- Name: fball_calculator_avrcomp id; Type: DEFAULT; Schema: public; Owner: -
--

ALTER TABLE ONLY public.fball_calculator_avrcomp ALTER COLUMN id SET DEFAULT nextval('public.fball_calculator_avrcomp_id_seq'::regclass);


--
-- Name: fball_calculator_player id; Type: DEFAULT; Schema: public; Owner: -
--

ALTER TABLE ONLY public.fball_calculator_player ALTER COLUMN id SET DEFAULT nextval('public.fball_calculator_player_id_seq'::regclass);


--
-- Name: fball_calculator_player_Pos id; Type: DEFAULT; Schema: public; Owner: -
--

ALTER TABLE ONLY public."fball_calculator_player_Pos" ALTER COLUMN id SET DEFAULT nextval('public."fball_calculator_player_Pos_id_seq"'::regclass);


--
-- Name: fball_calculator_positions id; Type: DEFAULT; Schema: public; Owner: -
--

ALTER TABLE ONLY public.fball_calculator_positions ALTER COLUMN id SET DEFAULT nextval('public.fball_calculator_positions_id_seq'::regclass);


--
-- Name: fball_calculator_team id; Type: DEFAULT; Schema: public; Owner: -
--

ALTER TABLE ONLY public.fball_calculator_team ALTER COLUMN id SET DEFAULT nextval('public.fball_calculator_team_id_seq'::regclass);


--
-- Data for Name: auth_group; Type: TABLE DATA; Schema: public; Owner: -
--

COPY public.auth_group (id, name) FROM stdin;
\.


--
-- Data for Name: auth_group_permissions; Type: TABLE DATA; Schema: public; Owner: -
--

COPY public.auth_group_permissions (id, group_id, permission_id) FROM stdin;
\.


--
-- Data for Name: auth_permission; Type: TABLE DATA; Schema: public; Owner: -
--

COPY public.auth_permission (id, name, content_type_id, codename) FROM stdin;
1	Can add log entry	1	add_logentry
2	Can change log entry	1	change_logentry
3	Can delete log entry	1	delete_logentry
4	Can view log entry	1	view_logentry
5	Can add permission	2	add_permission
6	Can change permission	2	change_permission
7	Can delete permission	2	delete_permission
8	Can view permission	2	view_permission
9	Can add group	3	add_group
10	Can change group	3	change_group
11	Can delete group	3	delete_group
12	Can view group	3	view_group
13	Can add user	4	add_user
14	Can change user	4	change_user
15	Can delete user	4	delete_user
16	Can view user	4	view_user
17	Can add content type	5	add_contenttype
18	Can change content type	5	change_contenttype
19	Can delete content type	5	delete_contenttype
20	Can view content type	5	view_contenttype
21	Can add session	6	add_session
22	Can change session	6	change_session
23	Can delete session	6	delete_session
24	Can view session	6	view_session
25	Can add team	7	add_team
26	Can change team	7	change_team
27	Can delete team	7	delete_team
28	Can view team	7	view_team
29	Can add player	8	add_player
30	Can change player	8	change_player
31	Can delete player	8	delete_player
32	Can view player	8	view_player
33	Can add positions	9	add_positions
34	Can change positions	9	change_positions
35	Can delete positions	9	delete_positions
36	Can view positions	9	view_positions
37	Can add avr comp	10	add_avrcomp
38	Can change avr comp	10	change_avrcomp
39	Can delete avr comp	10	delete_avrcomp
40	Can view avr comp	10	view_avrcomp
\.


--
-- Data for Name: auth_user; Type: TABLE DATA; Schema: public; Owner: -
--

COPY public.auth_user (id, password, last_login, is_superuser, username, first_name, last_name, email, is_staff, is_active, date_joined) FROM stdin;
\.


--
-- Data for Name: auth_user_groups; Type: TABLE DATA; Schema: public; Owner: -
--

COPY public.auth_user_groups (id, user_id, group_id) FROM stdin;
\.


--
-- Data for Name: auth_user_user_permissions; Type: TABLE DATA; Schema: public; Owner: -
--

COPY public.auth_user_user_permissions (id, user_id, permission_id) FROM stdin;
\.


--
-- Data for Name: django_admin_log; Type: TABLE DATA; Schema: public; Owner: -
--

COPY public.django_admin_log (id, action_time, object_id, object_repr, action_flag, change_message, content_type_id, user_id) FROM stdin;
\.


--
-- Data for Name: django_content_type; Type: TABLE DATA; Schema: public; Owner: -
--

COPY public.django_content_type (id, app_label, model) FROM stdin;
1	admin	logentry
2	auth	permission
3	auth	group
4	auth	user
5	contenttypes	contenttype
6	sessions	session
7	fball_calculator	team
8	fball_calculator	player
9	fball_calculator	positions
10	fball_calculator	avrcomp
\.


--
-- Data for Name: django_migrations; Type: TABLE DATA; Schema: public; Owner: -
--

COPY public.django_migrations (id, app, name, applied) FROM stdin;
1	contenttypes	0001_initial	2021-07-04 18:28:54.003108-07
2	auth	0001_initial	2021-07-04 18:28:54.122912-07
3	admin	0001_initial	2021-07-04 18:28:54.27459-07
4	admin	0002_logentry_remove_auto_add	2021-07-04 18:28:54.310022-07
5	admin	0003_logentry_add_action_flag_choices	2021-07-04 18:28:54.328563-07
6	contenttypes	0002_remove_content_type_name	2021-07-04 18:28:54.371808-07
7	auth	0002_alter_permission_name_max_length	2021-07-04 18:28:54.395927-07
8	auth	0003_alter_user_email_max_length	2021-07-04 18:28:54.420318-07
9	auth	0004_alter_user_username_opts	2021-07-04 18:28:54.446543-07
10	auth	0005_alter_user_last_login_null	2021-07-04 18:28:54.473468-07
11	auth	0006_require_contenttypes_0002	2021-07-04 18:28:54.486404-07
12	auth	0007_alter_validators_add_error_messages	2021-07-04 18:28:54.513931-07
13	auth	0008_alter_user_username_max_length	2021-07-04 18:28:54.55299-07
14	auth	0009_alter_user_last_name_max_length	2021-07-04 18:28:54.572722-07
15	auth	0010_alter_group_name_max_length	2021-07-04 18:28:54.610164-07
16	auth	0011_update_proxy_permissions	2021-07-04 18:28:54.630619-07
17	auth	0012_alter_user_first_name_max_length	2021-07-04 18:28:54.654903-07
18	fball_calculator	0001_initial	2021-07-04 18:28:54.727877-07
19	sessions	0001_initial	2021-07-04 18:28:54.77975-07
20	fball_calculator	0002_auto_20210705_2149	2021-07-05 14:49:09.661209-07
\.


--
-- Data for Name: django_session; Type: TABLE DATA; Schema: public; Owner: -
--

COPY public.django_session (session_key, session_data, expire_date) FROM stdin;
\.


--
-- Data for Name: fball_calculator_avrcomp; Type: TABLE DATA; Schema: public; Owner: -
--

COPY public.fball_calculator_avrcomp (id, "Pos", "FGM", "FGA", "FG_PCT", "FG3M", "FTM", "FTA", "FT_PCT", "REB", "AST", "STL", "BLK", "TOV", "PTS") FROM stdin;
1	G	6.21	13.9	0.45	2.18	2.75	3.39	0.81	4.27	4.6	1.1	0.38	2.15	17.35
2	F	5.8	12.03	0.48	1.62	2.66	3.4	0.78	6.04	3.09	0.92	0.74	1.77	15.88
3	C	5.38	10.12	0.53	0.75	2.4	3.27	0.73	8.34	2.16	0.72	1.19	1.63	13.9
4	A	5.88	12.4	0.47	1.68	2.64	3.36	0.79	5.79	3.6	0.96	0.67	1.9	16.06
\.


--
-- Data for Name: fball_calculator_player; Type: TABLE DATA; Schema: public; Owner: -
--

COPY public.fball_calculator_player (id, "PLAYER_ID", "Player_Name", "Team_ID", "Team_Name", "GP", "MIN", "FGM", "FGA", "FG_PCT", "FG3M", "FG3A", "FG3_PCT", "FTM", "FTA", "FT_PCT", "OREB", "DREB", "REB", "AST", "STL", "BLK", "TOV", "PF", "PTS", "PosStr", "FTeamPos", "FTeam_id") FROM stdin;
1	203932	Aaron Gordon	1610612743	DEN	50	27.7	4.6	10	0.463	1.2	3.5	0.335	1.9	3	0.651	1.5	4.1	5.7	3.2	0.7	0.7	1.9	1.8	12.4	F	F	10
2	1628988	Aaron Holiday	1610612754	IND	66	17.8	2.6	6.6	0.39	1	2.8	0.368	1	1.3	0.819	0.2	1.1	1.3	1.9	0.7	0.2	1	1.4	7.2	G		\N
3	1630174	Aaron Nesmith	1610612738	BOS	46	14.5	1.7	3.9	0.438	0.9	2.3	0.37	0.5	0.6	0.786	0.6	2.2	2.8	0.5	0.3	0.2	0.5	1.9	4.7	GF		\N
4	1627846	Abdel Nader	1610612756	PHX	24	14.8	2.4	4.8	0.491	0.8	1.8	0.419	1.2	1.5	0.757	0.3	2.3	2.6	0.8	0.4	0.4	0.8	1.4	6.7	F		\N
5	1629690	Adam Mokoka	1610612741	CHI	14	4	0.5	1.4	0.368	0.1	0.7	0.1	0	0.1	0	0.1	0.3	0.4	0.4	0.1	0.1	0.4	0.4	1.1	G		\N
6	201143	Al Horford	1610612760	OKC	28	27.9	5.8	12.9	0.45	2	5.4	0.368	0.6	0.8	0.818	1	5.7	6.7	3.4	0.9	0.9	1	1.7	14.2	FC	C	9
7	202329	Al-Farouq Aminu	1610612741	CHI	23	18.9	1.7	4.3	0.384	0.3	1.6	0.216	0.8	1	0.818	1	3.8	4.8	1.3	0.8	0.4	1.2	1.3	4.4	F		\N
8	202692	Alec Burks	1610612752	NYK	49	25.6	4.3	10.2	0.42	2.1	5	0.415	2.1	2.4	0.856	0.4	4.2	4.6	2.2	0.6	0.3	1	2.1	12.7	G		\N
9	1630197	Aleksej Pokusevski	1610612760	OKC	45	24.2	3.1	9.1	0.341	1.3	4.6	0.28	0.7	0.9	0.738	0.7	4	4.7	2.2	0.4	0.9	2.2	1.3	8.2	C		\N
10	1629346	Alen Smailagic	1610612744	GSW	15	5.6	0.7	1.8	0.407	0.3	0.7	0.4	0.1	0.4	0.333	0.4	0.7	1.1	0.3	0.2	0.3	0.3	0.7	1.9	F		\N
11	1627936	Alex Caruso	1610612747	LAL	58	21	2.3	5.3	0.436	0.9	2.4	0.401	0.8	1.3	0.645	0.5	2.4	2.9	2.8	1.1	0.3	1.3	1.9	6.4	G		\N
12	203458	Alex Len	1610612764	WAS	64	15.3	2.7	4.3	0.615	0.1	0.4	0.32	1.1	1.8	0.629	1.2	2.8	4.1	0.8	0.3	1	0.9	2	6.6	C		\N
13	1628035	Alfonzo McKinnie	1610612747	LAL	39	6.6	1.2	2.4	0.516	0.4	1	0.41	0.3	0.5	0.556	0.6	0.8	1.4	0.2	0.2	0	0.1	0.7	3.1	F		\N
14	1628993	Alize Johnson	1610612751	BKN	18	10.5	2.2	3.8	0.588	0.1	0.3	0.167	0.7	0.7	1	1.5	3.5	5	0.8	0.3	0.3	0.5	0.9	5.2	F		\N
15	1629599	Amir Coffey	1610612746	LAC	44	9	1	2.3	0.437	0.5	1.3	0.411	0.6	0.9	0.711	0.2	0.8	1	0.5	0.2	0	0.3	0.7	3.2	GF		\N
16	203083	Andre Drummond	1610612747	LAL	46	27	6.1	12.4	0.493	0	0.2	0	2.7	4.5	0.6	3.6	8.4	12	2	1.4	1.1	2.7	3.2	14.9	C	U	5
17	2738	Andre Iguodala	1610612748	MIA	63	21.3	1.5	3.9	0.383	1	2.9	0.33	0.4	0.6	0.658	0.6	2.9	3.5	2.3	0.9	0.6	1.1	1.4	4.4	GF		\N
18	203460	Andre Roberson	1610612751	BKN	5	12.6	0.4	2.8	0.143	0.2	1.6	0.125	0.2	0.4	0.5	1.4	1.6	3	0.8	0.6	0.2	0.4	0.8	1.2	GF		\N
19	203952	Andrew Wiggins	1610612744	GSW	71	33.3	7.1	14.9	0.477	2	5.2	0.38	2.4	3.4	0.714	1.2	3.7	4.9	2.4	0.9	1	1.8	2.2	18.6	F	F	6
20	1629014	Anfernee Simons	1610612757	POR	64	17.3	2.6	6.3	0.419	1.9	4.4	0.426	0.7	0.9	0.807	0.2	2	2.2	1.4	0.3	0.1	0.7	1.5	7.8	G		\N
21	203076	Anthony Davis	1610612747	LAL	36	32.3	8.4	17	0.491	0.7	2.8	0.26	4.4	5.9	0.738	1.7	6.2	7.9	3.1	1.3	1.6	2.1	1.7	21.8	FC	U	12
22	1630162	Anthony Edwards	1610612750	MIN	72	32.1	7	16.8	0.417	2.4	7.2	0.329	2.9	3.8	0.776	0.8	3.8	4.7	2.9	1.1	0.5	2.2	1.8	19.3	G	U	11
23	1630264	Anthony Gill	1610612764	WAS	26	8.4	1.2	2.3	0.5	0.3	0.9	0.292	0.5	0.6	0.813	0.6	1.3	2	0.4	0.4	0.2	0.3	1	3.1	F		\N
24	1630237	Anthony Lamb	1610612745	HOU	24	17.3	1.9	4.9	0.39	1	3	0.324	0.8	0.9	0.857	1.1	1.8	2.9	1	0.3	0.2	0.8	1.4	5.5	F		\N
25	1628394	Anzejs Pasecniks	1610612764	WAS	1	6.3	0	1	0	0	1	0	0	0	0	1	0	1	1	0	0	5	2	0	FC		\N
26	203382	Aron Baynes	1610612761	TOR	53	18.5	2.5	5.7	0.441	0.5	1.9	0.262	0.5	0.8	0.707	1.6	3.5	5.2	0.9	0.3	0.4	0.9	2.2	6.1	FC		\N
27	1630204	Ashton Hagans	1610612750	MIN	2	2	0	0	0	0	0	0	0	0	0	0	0	0	0	0	0	0.5	0	0	GF		\N
28	203085	Austin Rivers	1610612743	DEN	36	23.5	2.9	6.8	0.424	1.5	4.1	0.369	0.6	0.9	0.71	0.2	2.1	2.3	2.3	0.8	0.1	1	1.8	7.9	G		\N
29	202340	Avery Bradley	1610612745	HOU	27	22.3	2.4	6.3	0.374	1.2	3.7	0.327	0.4	0.6	0.8	0.3	1.8	2.1	1.7	0.8	0.1	1	2	6.4	G		\N
30	1626253	Axel Toupane	1610612749	MIL	8	7.7	0.5	1.4	0.364	0.1	0.3	0.5	0.6	0.9	0.714	0	0.8	0.8	0.5	0.3	0.4	0	0.8	1.8	GF		\N
31	1628389	Bam Adebayo	1610612748	MIA	64	33.5	7.1	12.5	0.57	0	0.1	0.25	4.4	5.5	0.799	2.2	6.7	9	5.4	1.2	1	2.6	2.3	18.7	FC	C	11
32	203463	Ben McLemore	1610612747	LAL	53	17.1	2.5	6.9	0.37	1.8	5.3	0.346	0.7	1	0.736	0.3	1.6	1.9	0.7	0.4	0.2	0.8	1.7	7.7	G		\N
33	1627732	Ben Simmons	1610612755	PHI	58	32.4	5.6	10.1	0.557	0.1	0.2	0.3	3	4.9	0.613	1.6	5.6	7.2	6.9	1.6	0.6	3	2.9	14.3	GF	G	4
34	202687	Bismack Biyombo	1610612766	CHA	66	20.4	2.2	3.7	0.587	0	0	0	0.7	1.6	0.448	2.1	3.2	5.3	1.2	0.3	1.1	1.1	2.1	5	C		\N
35	201933	Blake Griffin	1610612751	BKN	46	25.8	3.8	8.9	0.423	1.5	4.5	0.341	1.9	2.5	0.744	0.8	4.1	4.9	3	0.7	0.3	1.3	2.4	11	F	U	10
36	1626246	Boban Marjanovic	1610612742	DAL	33	8.2	1.9	3.7	0.508	0	0.2	0.125	0.9	1.2	0.816	1.4	2.5	3.9	0.3	0.1	0.2	0.4	0.9	4.7	C		\N
37	1626171	Bobby Portis	1610612749	MIL	66	20.8	4.7	9.1	0.523	1.1	2.4	0.471	0.8	1.1	0.74	1.9	5.2	7.1	1.1	0.8	0.4	0.8	1.7	11.4	F		\N
38	203992	Bogdan Bogdanovic	1610612737	ATL	44	29.7	6.1	12.8	0.473	3.3	7.6	0.438	0.9	1	0.909	0.5	3.2	3.6	3.3	1.1	0.3	1.2	2.3	16.4	G	U	4
39	202711	Bojan Bogdanovic	1610612762	UTA	72	30.8	5.6	12.8	0.439	2.5	6.4	0.39	3.2	3.7	0.879	0.6	3.3	3.9	1.9	0.6	0.1	1.8	1.6	17	F	F	1
40	1629626	Bol Bol	1610612743	DEN	32	5	0.8	1.8	0.431	0.3	0.8	0.375	0.3	0.5	0.667	0	0.8	0.8	0.2	0.1	0.3	0.4	0.4	2.2	FC		\N
41	202954	Brad Wanamaker	1610612766	CHA	61	17.3	1.9	4.9	0.385	0.3	1.4	0.188	1.5	1.7	0.891	0.3	1.4	1.7	2.9	0.7	0.2	1.2	1.5	5.5	G		\N
42	203078	Bradley Beal	1610612764	WAS	60	35.8	11.2	23	0.485	2.2	6.2	0.349	6.8	7.7	0.889	1.2	3.5	4.7	4.4	1.2	0.4	3.1	2.3	31.3	G	G	9
43	1629634	Brandon Clarke	1610612763	MEM	59	24	4.3	8.4	0.517	0.3	1.3	0.26	1.3	1.9	0.69	1.6	3.9	5.6	1.6	1	0.9	0.6	1.4	10.3	F	F	7
44	1629164	Brandon Goodwin	1610612737	ATL	47	13.2	1.8	4.7	0.377	0.7	2.2	0.311	0.6	0.9	0.651	0.2	1.3	1.5	2	0.4	0	0.8	0.9	4.9	G		\N
45	1627742	Brandon Ingram	1610612740	NOP	61	34.3	8.4	18	0.466	2.3	6.1	0.381	4.6	5.2	0.878	0.6	4.3	4.9	4.9	0.7	0.6	2.5	2	23.8	F	U	6
46	1628968	Brian Bowen II	1610612754	IND	6	2.5	0.2	0.7	0.25	0	0.2	0	0.2	0.2	1	0	0.5	0.5	0	0	0	0	0.2	0.5	GF		\N
47	1630271	Brodric Thomas	1610612739	CLE	32	12.5	1.2	3.4	0.361	0.5	1.8	0.271	1	1.4	0.674	0.3	1.4	1.7	0.9	0.5	0.3	0.7	1.3	3.9	G		\N
48	201572	Brook Lopez	1610612749	MIL	70	27.2	4.6	9.1	0.503	1.4	4	0.338	1.7	2	0.845	1.5	3.5	5	0.7	0.6	1.5	0.9	2.1	12.3	C	C	6
49	1628971	Bruce Brown	1610612751	BKN	65	22.3	3.6	6.5	0.556	0.3	0.9	0.288	1.3	1.8	0.735	1.7	3.7	5.4	1.6	0.9	0.4	0.8	2.2	8.8	GF		\N
50	203998	Bruno Caboclo	1610612745	HOU	6	6.1	1.3	2.8	0.471	0	0.8	0	0.2	0.3	0.5	0.5	1.8	2.3	0.2	0	0.3	0.7	1	2.8	F		\N
51	1628981	Bruno Fernando	1610612737	ATL	33	6.8	0.5	1.3	0.409	0	0.1	0	0.5	0.7	0.682	0.5	1.9	2.4	0.3	0.1	0.1	0.6	0.7	1.5	FC		\N
52	1627854	Bryn Forbes	1610612749	MIL	70	19.3	3.6	7.6	0.473	2.2	4.9	0.452	0.7	0.9	0.77	0.2	1.4	1.6	0.6	0.3	0	0.6	1.1	10	G		\N
53	1627741	Buddy Hield	1610612758	SAC	71	34.3	5.7	14	0.406	4	10.2	0.391	1.2	1.5	0.846	0.4	4.3	4.7	3.6	0.9	0.4	1.8	2.5	16.6	G	G	1
54	1629604	CJ Elleby	1610612757	POR	30	6.4	0.8	2.2	0.379	0.2	1.1	0.206	0.4	0.5	0.733	0.4	0.7	1.1	0.3	0.2	0.1	0.2	0.9	2.3	GF		\N
55	203468	CJ McCollum	1610612757	POR	47	34	8.6	18.8	0.458	3.6	8.9	0.402	2.3	2.8	0.812	0.6	3.3	3.9	4.7	0.9	0.4	1.4	1.9	23.1	G	G	11
56	1628997	Caleb Martin	1610612766	CHA	53	15.4	1.8	4.8	0.375	0.6	2.4	0.248	0.8	1.2	0.641	0.6	2.1	2.7	1.3	0.7	0.2	0.6	1.2	5	F		\N
57	1629629	Cam Reddish	1610612737	ATL	26	28.9	3.7	10.1	0.365	1.3	4.8	0.262	2.6	3.2	0.817	0.8	3.2	4	1.3	1.3	0.3	1.3	2.6	11.2	GF	U	9
58	1629661	Cameron Johnson	1610612756	PHX	60	24	3.4	8.1	0.42	2	5.6	0.349	0.8	1	0.847	0.6	2.8	3.3	1.4	0.6	0.3	0.7	1.4	9.6	F		\N
59	1626166	Cameron Payne	1610612756	PHX	60	18	3.2	6.6	0.484	1.2	2.8	0.44	0.8	0.9	0.893	0.3	2.1	2.4	3.6	0.6	0.3	1	1.6	8.4	G		\N
60	1629244	Cameron Reynolds	1610612745	HOU	5	8.1	1.2	3.6	0.333	0.6	2.4	0.25	0	0	0	0.4	0.6	1	0.4	0	0	0	0.4	3	F		\N
61	1627747	Caris LeVert	1610612754	IND	47	31.6	7.6	17.3	0.441	1.8	5.5	0.326	3.1	3.8	0.811	0.7	3.9	4.6	5.2	1.4	0.6	2.2	2.2	20.2	G	U	5
62	2546	Carmelo Anthony	1610612757	POR	69	24.5	4.7	11.3	0.421	1.9	4.7	0.409	2	2.2	0.89	0.5	2.6	3.1	1.5	0.7	0.6	0.9	2.1	13.4	F	F	8
63	1629035	Carsen Edwards	1610612738	BOS	31	8.9	1.5	3.6	0.423	0.6	2	0.286	0.4	0.4	0.846	0.1	0.7	0.8	0.5	0.2	0	0.2	0.8	4	G		\N
64	1630199	Cassius Stanley	1610612754	IND	24	3.9	0.5	1.8	0.302	0.1	0.5	0.231	0.3	0.4	0.778	0.3	0.5	0.8	0	0	0.1	0	0.6	1.5	G		\N
65	1630216	Cassius Winston	1610612764	WAS	22	4.5	0.6	1.5	0.424	0.4	0.8	0.471	0.2	0.3	0.833	0	0.4	0.4	0.5	0.1	0	0.2	0.4	1.9	G		\N
66	1626224	Cedi Osman	1610612739	CLE	59	25.6	3.7	9.9	0.374	1.7	5.5	0.306	1.3	1.6	0.8	0.6	2.8	3.4	2.9	0.9	0.2	1.4	2	10.4	F		\N
67	1628990	Chandler Hutchison	1610612764	WAS	25	13.8	1.6	4.1	0.379	0.3	0.9	0.364	0.8	1	0.84	0.2	2.9	3.1	0.7	0.5	0.2	0.8	1.3	4.3	GF		\N
68	1626184	Chasson Randle	1610612753	ORL	41	20.4	2.2	5.8	0.388	1.1	3.2	0.338	0.9	1.2	0.792	0.2	1.8	2	1.8	0.5	0.1	1.1	1.6	6.5	G		\N
69	1629002	Chimezie Metu	1610612758	SAC	36	13.6	2.5	5	0.508	0.4	1	0.351	0.9	1.2	0.721	0.9	2.3	3.1	0.8	0.4	0.5	0.8	1.6	6.3	FC		\N
70	1628449	Chris Boucher	1610612761	TOR	60	24.2	4.8	9.3	0.514	1.5	3.9	0.383	2.5	3.2	0.788	2	4.8	6.7	1.1	0.6	1.9	0.8	2.8	13.6	FC	C	2
71	1629185	Chris Chiozza	1610612751	BKN	22	10.6	1.4	4	0.352	0.6	1.9	0.31	0.6	0.8	0.765	0.1	1	1.1	3	0.3	0.3	0.7	0.9	4	G		\N
72	101108	Chris Paul	1610612756	PHX	70	31.4	6.3	12.6	0.499	1.5	3.7	0.395	2.4	2.6	0.934	0.4	4.1	4.5	8.9	1.4	0.3	2.2	2.4	16.4	G	G	5
73	1629735	Chris Silva	1610612758	SAC	15	6.2	0.7	1.1	0.625	0.1	0.1	1	0.7	1	0.733	0.5	1.3	1.8	0.4	0.1	0.4	0.7	1.6	2.1	F		\N
74	1626174	Christian Wood	1610612745	HOU	41	32.3	8	15.6	0.514	1.9	5	0.374	3	4.8	0.631	1.9	7.8	9.6	1.7	0.8	1.2	2	2.1	21	F	U	3
75	1629643	Chuma Okeke	1610612753	ORL	45	25.2	3	7.2	0.417	1.1	3.1	0.348	0.7	0.9	0.75	0.9	3.1	4	2.2	1.1	0.5	0.8	1.1	7.8	F	U	4
76	203991	Clint Capela	1610612737	ATL	63	30.1	6.6	11	0.594	0	0	0	2.1	3.6	0.573	4.7	9.6	14.3	0.8	0.7	2	1.2	2.3	15.2	C	U	10
77	1629632	Coby White	1610612741	CHI	69	31.2	5.4	13.1	0.416	2.4	6.6	0.359	1.9	2.1	0.901	0.4	3.7	4.1	4.8	0.6	0.2	2.3	2.6	15.1	G		\N
78	1628998	Cody Martin	1610612766	CHA	52	16.3	1.6	3.6	0.441	0.3	1.1	0.276	0.5	0.8	0.581	1	2.1	3.1	1.7	0.7	0.2	0.8	1	4	F		\N
79	203469	Cody Zeller	1610612766	CHA	48	20.9	3.8	6.8	0.559	0.1	0.6	0.143	1.8	2.5	0.714	2.5	4.4	6.8	1.8	0.6	0.4	1.1	2.5	9.4	FC		\N
80	1630175	Cole Anthony	1610612753	ORL	47	27.1	4.7	11.7	0.397	1.2	3.7	0.337	2.3	2.8	0.832	0.8	3.9	4.7	4.1	0.6	0.4	2.3	2.1	12.9	G		\N
81	1629012	Collin Sexton	1610612739	CLE	60	35.3	8.8	18.4	0.475	1.6	4.4	0.371	5.2	6.4	0.815	1	2.2	3.1	4.4	1	0.2	2.8	2.6	24.3	G	U	8
82	202709	Cory Joseph	1610612765	DET	63	23	3.2	6.8	0.469	0.7	2.1	0.341	1.1	1.4	0.818	0.6	2	2.5	3.4	1	0.3	1.3	2.2	8.2	G		\N
83	1626245	Cristiano Felicio	1610612741	CHI	18	4.6	0.4	0.7	0.538	0	0.1	0	0.5	0.9	0.563	0.6	0.9	1.4	0.5	0.2	0	0.2	0.6	1.3	FC		\N
84	1626156	D'Angelo Russell	1610612750	MIN	42	28.5	6.7	15.5	0.431	2.9	7.4	0.387	2.7	3.5	0.765	0.4	2.3	2.6	5.8	1.1	0.4	2.7	1.6	19	G	G	10
85	201571	D.J. Augustin	1610612745	HOU	57	19.8	2.4	6	0.394	1.5	3.8	0.382	1.5	1.6	0.904	0.4	1.3	1.6	3.3	0.5	0	1.1	1	7.7	G		\N
86	1628391	D.J. Wilson	1610612745	HOU	35	12.4	1.9	4.8	0.405	0.9	2.5	0.345	0.5	0.7	0.68	0.6	2.6	3.2	0.7	0.3	0.5	0.6	1.3	5.2	F		\N
87	1629610	DaQuan Jeffries	1610612759	SAS	31	15.9	1.6	3.9	0.417	0.6	2.2	0.299	0.2	0.3	0.875	0.6	1.7	2.3	0.7	0.5	0.3	0.5	1.5	4.1	GF		\N
88	1629751	Dakota Mathias	1610612755	PHI	8	15.4	2.4	6	0.396	1	3.3	0.308	0.3	0.8	0.333	0.1	0.8	0.9	1.6	0.1	0.4	0.1	0.9	6	G		\N
89	1627745	Damian Jones	1610612758	SAC	39	14	1.8	2.6	0.68	0	0.1	0.2	1.1	1.5	0.724	0.9	2.2	3.1	0.7	0.3	0.7	0.7	2	4.7	C		\N
90	203081	Damian Lillard	1610612757	POR	67	35.8	9	19.9	0.451	4.1	10.5	0.391	6.7	7.2	0.928	0.5	3.7	4.2	7.5	0.9	0.3	3	1.5	28.8	G	G	9
91	1627814	Damion Lee	1610612744	GSW	57	18.9	2.2	4.8	0.467	1.4	3.4	0.397	0.7	0.8	0.909	0.4	2.8	3.2	1.3	0.7	0.1	0.5	1.6	6.5	GF		\N
92	1628422	Damyean Dotson	1610612739	CLE	46	19.7	2.6	6.4	0.406	1	3.5	0.289	0.5	0.8	0.667	0.1	1.9	2	2	0.3	0.1	0.9	0.9	6.7	G		\N
93	1629655	Daniel Gafford	1610612764	WAS	54	14.7	2.9	4.2	0.684	0	0	0	1.3	2	0.667	1.7	2.5	4.3	0.5	0.5	1.4	0.8	1.8	7	FC		\N
94	1630187	Daniel Oturu	1610612746	LAC	30	5.4	0.7	1.7	0.423	0	0.2	0.2	0.3	0.4	0.75	0.7	0.9	1.6	0.3	0.1	0.2	0.3	0.8	1.8	C		\N
95	1628464	Daniel Theis	1610612741	CHI	65	24.6	3.9	7.2	0.541	0.8	2.3	0.322	1.1	1.7	0.673	1.4	4	5.5	1.7	0.6	0.9	1	2.6	9.6	FC	U	5
96	201568	Danilo Gallinari	1610612737	ATL	51	24	4	9.3	0.434	2	5	0.406	3.2	3.4	0.925	0.3	3.8	4.1	1.5	0.6	0.2	0.8	2.1	13.3	F	F	9
97	201980	Danny Green	1610612755	PHI	69	28	3.2	7.9	0.412	2.5	6.3	0.405	0.4	0.6	0.775	0.8	3	3.8	1.7	1.3	0.8	1	1.8	9.5	G	G	9
98	203957	Dante Exum	1610612745	HOU	6	19.4	1.7	4.3	0.385	0.3	1.8	0.182	0.2	0.3	0.5	0.3	2.5	2.8	2.2	0.7	0.3	1.2	1.5	3.8	G		\N
99	1627863	Danuel House Jr.	1610612745	HOU	36	25.9	3.1	7.6	0.404	1.5	4.3	0.346	1.1	1.8	0.651	0.5	3.2	3.7	1.9	0.6	0.4	1	1.9	8.8	GF		\N
100	203967	Dario Saric	1610612756	PHX	50	17.4	3.1	6.8	0.447	0.9	2.7	0.348	1.7	2	0.848	0.9	2.9	3.8	1.3	0.6	0.1	1.1	1.9	8.7	FC		\N
101	1629647	Darius Bazley	1610612760	OKC	55	31.2	5	12.5	0.396	1.5	5.2	0.29	2.3	3.2	0.702	0.9	6.3	7.2	1.8	0.5	0.5	2.2	1.1	13.7	GF	F	4
102	1629636	Darius Garland	1610612739	CLE	54	33.1	6.7	14.9	0.451	1.9	4.9	0.395	2.1	2.4	0.848	0.4	2	2.4	6.1	1.2	0.1	3	2	17.4	G	U	5
103	203121	Darius Miller	1610612760	OKC	18	10.9	1.2	2.7	0.458	0.9	2.3	0.405	0.7	0.7	1	0.1	1.2	1.3	1.2	0.7	0.3	0.4	0.7	4.1	F		\N
104	1628021	David Nwaba	1610612745	HOU	30	22.6	3.5	7.3	0.486	0.6	2.1	0.27	1.6	2.3	0.691	1.3	2.6	3.9	1	1	0.7	0.6	2	9.2	GF		\N
105	202722	Davis Bertans	1610612764	WAS	57	25.7	3.4	8.4	0.404	3	7.5	0.395	1.8	2	0.87	0.3	2.6	2.9	0.9	0.6	0.2	0.6	2.4	11.5	F	F	1
106	1628368	De'Aaron Fox	1610612758	SAC	58	35.1	9.1	19.1	0.477	1.8	5.5	0.322	5.2	7.2	0.719	0.6	2.9	3.5	7.2	1.5	0.5	3	2.9	25.2	G	G	7
107	1629631	De'Andre Hunter	1610612737	ATL	23	29.5	5.2	10.8	0.484	1.3	4.1	0.326	3.2	3.7	0.859	0.7	4	4.8	1.9	0.8	0.5	1.3	2.6	15	GF		\N
108	1629001	De'Anthony Melton	1610612763	MEM	52	20.1	3.3	7.6	0.438	1.7	4.1	0.412	0.8	1	0.804	0.6	2.5	3.1	2.5	1.2	0.6	1.3	1.6	9.1	G		\N
109	201599	DeAndre Jordan	1610612751	BKN	57	21.9	3.3	4.4	0.763	0	0	0	0.8	1.6	0.5	2.1	5.4	7.5	1.6	0.3	1.1	1.5	2	7.5	C	C	8
110	1627761	DeAndre' Bembry	1610612761	TOR	51	19.1	2.3	4.5	0.513	0.3	1	0.264	0.9	1.3	0.682	0.6	2.2	2.9	2.1	1	0.4	1.4	1.7	5.7	GF		\N
111	201942	DeMar DeRozan	1610612759	SAS	61	33.7	7.5	15.1	0.495	0.3	1.2	0.257	6.3	7.2	0.88	0.7	3.6	4.2	6.9	0.9	0.2	2	2.1	21.6	GF	F	5
112	202326	DeMarcus Cousins	1610612746	LAC	41	17.4	3.2	7.4	0.426	1.1	3.3	0.348	1.4	2	0.728	1.3	5.1	6.4	1.9	0.8	0.6	1.6	2.6	8.9	C		\N
113	1629731	Dean Wade	1610612739	CLE	63	19.2	2.1	4.9	0.431	1.2	3.4	0.366	0.5	0.6	0.769	0.6	2.8	3.4	1.2	0.6	0.3	0.5	1.2	6	FC		\N
114	1629028	Deandre Ayton	1610612756	PHX	69	30.6	6.2	10	0.626	0.1	0.3	0.2	1.9	2.5	0.769	3.3	7.2	10.5	1.4	0.6	1.2	1.5	2.8	14.4	C	C	3
115	1629686	Deividas Sirvydis	1610612765	DET	20	6.7	0.7	2	0.35	0.5	1.4	0.357	0.2	0.3	0.5	0	1.5	1.5	0.3	0.1	0	0.3	0.5	2.1	GF		\N
116	1627749	Dejounte Murray	1610612759	SAS	67	31.9	6.6	14.5	0.453	0.9	3	0.317	1.6	2	0.791	0.9	6.2	7.1	5.4	1.5	0.1	1.7	2	15.7	G	U	1
117	1626153	Delon Wright	1610612758	SAC	63	27.7	3.8	8.2	0.463	1	2.7	0.372	1.6	2	0.802	1	3.2	4.3	4.4	1.6	0.5	1.3	1.2	10.2	G		\N
118	1630166	Deni Avdija	1610612764	WAS	54	23.3	2.4	5.8	0.417	1	3.1	0.315	0.5	0.8	0.644	0.4	4.4	4.9	1.2	0.6	0.3	0.6	2.6	6.3	F		\N
119	203471	Dennis Schroder	1610612747	LAL	61	32.1	5.4	12.5	0.437	1.2	3.5	0.335	3.4	4	0.848	0.5	3	3.5	5.8	1.1	0.2	2.7	2.6	15.4	G	G	6
120	1628372	Dennis Smith Jr.	1610612765	DET	23	18.3	2.5	6.3	0.4	0.8	2.5	0.328	0.8	1.1	0.731	0.5	1.9	2.4	3.3	1	0.6	1.1	1.6	6.7	G		\N
121	1627756	Denzel Valentine	1610612741	CHI	62	16.7	2.5	6.7	0.373	1.3	3.9	0.331	0.3	0.3	0.941	0.4	2.8	3.2	1.7	0.5	0.1	0.7	1.1	6.5	G		\N
122	202324	Derrick Favors	1610612762	UTA	68	15.3	2.3	3.6	0.638	0	0	0	0.9	1.2	0.738	2	3.5	5.5	0.6	0.5	1	0.5	2.1	5.4	F		\N
123	1627884	Derrick Jones Jr.	1610612757	POR	58	22.7	2.5	5.2	0.484	0.7	2.3	0.316	1	1.6	0.648	1.3	2.2	3.5	0.8	0.6	0.9	0.6	2.2	6.8	F		\N
124	201565	Derrick Rose	1610612752	NYK	50	25.6	5.7	12.2	0.47	1	2.6	0.388	2.2	2.5	0.866	0.4	2.2	2.6	4.2	1	0.4	1.6	1.1	14.7	G	U	9
125	1628401	Derrick White	1610612759	SAS	36	29.5	5.2	12.6	0.411	2.3	6.8	0.346	2.7	3.2	0.851	0.4	2.6	3	3.5	0.7	1	1.3	2.5	15.4	G	G	7
126	1630217	Desmond Bane	1610612763	MEM	68	22.3	3.4	7.3	0.469	1.7	4	0.432	0.6	0.7	0.816	0.5	2.6	3.1	1.7	0.6	0.2	0.9	1.8	9.2	G		\N
127	1626164	Devin Booker	1610612756	PHX	67	33.9	9.3	19.2	0.484	1.9	5.5	0.34	5.1	5.9	0.867	0.5	3.7	4.2	4.3	0.8	0.2	3.1	2.7	25.6	G	G	1
128	1630170	Devin Vassell	1610612759	SAS	62	17	2	4.9	0.406	0.8	2.4	0.347	0.7	0.8	0.843	0.4	2.4	2.8	0.9	0.7	0.3	0.4	1.4	5.5	GF		\N
129	1629653	Devon Dotson	1610612741	CHI	11	4.6	1	1.9	0.524	0.1	0.6	0.143	0	0	0	0.2	0.3	0.5	0.6	0.4	0	0	0.3	2.1	G		\N
130	1629719	Devontae Cacok	1610612747	LAL	20	4.9	0.9	1.5	0.586	0	0	0	0.3	0.6	0.455	0.6	1	1.6	0.1	0.3	0.2	0.3	0.4	2	F		\N
131	1628984	Devonte' Graham	1610612766	CHA	55	30.2	4.6	12.2	0.377	3.3	8.7	0.375	2.4	2.9	0.842	0.4	2.3	2.7	5.4	0.9	0.1	1.5	1.4	14.8	G	U	12
132	1628415	Dillon Brooks	1610612763	MEM	67	29.8	6.4	15.4	0.419	1.9	5.6	0.344	2.4	2.9	0.815	0.8	2.1	2.9	2.3	1.2	0.4	1.8	3.5	17.2	GF	F	9
133	1627734	Domantas Sabonis	1610612754	IND	62	36	7.8	14.6	0.535	0.8	2.6	0.321	3.9	5.3	0.732	2.4	9.5	12	6.7	1.2	0.5	3.4	3.3	20.3	FC	C	9
134	1628378	Donovan Mitchell	1610612762	UTA	53	33.4	9	20.6	0.438	3.4	8.7	0.386	5	6	0.845	0.9	3.5	4.4	5.2	1	0.3	2.8	2.2	26.4	G	G	8
135	1628978	Donte DiVincenzo	1610612749	MIL	66	27.5	3.8	9.1	0.42	2	5.2	0.379	0.8	1.1	0.718	1.2	4.5	5.8	3.1	1.1	0.2	1.4	1.7	10.4	G	U	7
136	1627827	Dorian Finney-Smith	1610612742	DAL	60	32	3.7	7.8	0.472	2	5	0.394	0.5	0.7	0.756	1.6	3.8	5.4	1.7	0.9	0.4	0.8	2.3	9.8	F		\N
137	203926	Doug McDermott	1610612754	IND	66	24.5	5.4	10.1	0.532	1.7	4.3	0.388	1.2	1.5	0.816	0.9	2.4	3.3	1.3	0.3	0.1	0.8	1.8	13.6	F		\N
138	203110	Draymond Green	1610612744	GSW	63	31.5	2.7	6	0.447	0.5	2	0.27	1.1	1.4	0.795	0.9	6.2	7.1	8.9	1.7	0.8	3	3.1	7	F	F	9
139	1629234	Drew Eubanks	1610612759	SAS	54	14	2.1	3.8	0.566	0	0	1	1.4	2	0.726	1.4	3.1	4.5	0.8	0.3	0.9	0.8	1.6	5.8	FC		\N
140	1629130	Duncan Robinson	1610612748	MIA	72	31.4	4.4	10	0.439	3.5	8.5	0.408	0.9	1	0.827	0.1	3.4	3.5	1.8	0.6	0.3	1.1	2.5	13.1	F	F	8
141	1628407	Dwayne Bacon	1610612753	ORL	72	25.7	4.1	10.1	0.402	0.8	2.9	0.285	2	2.4	0.824	0.4	2.7	3.1	1.3	0.6	0.1	0.6	1.4	10.9	GF		\N
142	2730	Dwight Howard	1610612755	PHI	69	17.3	2.6	4.4	0.587	0.1	0.3	0.25	1.8	3	0.576	2.8	5.7	8.4	0.9	0.4	0.9	1.6	2.9	7	FC		\N
143	203939	Dwight Powell	1610612742	DAL	58	16.6	2.1	3.3	0.619	0.1	0.4	0.238	1.7	2.1	0.782	1.4	2.7	4	1.1	0.6	0.5	0.7	2.3	5.9	FC		\N
144	1629685	Dylan Windler	1610612739	CLE	31	16.5	1.8	4.2	0.438	0.8	2.5	0.338	0.7	0.9	0.778	0.6	2.8	3.5	1.1	0.6	0.4	1	1.2	5.2	GF		\N
145	202734	E'Twaun Moore	1610612756	PHX	27	14.4	2	4.5	0.455	0.4	1.3	0.314	0.4	0.5	0.857	0.5	1.1	1.7	1.5	0.6	0.2	0.9	1.2	4.9	G		\N
146	202334	Ed Davis	1610612750	MIN	23	13	0.8	1.9	0.432	0	0	0	0.4	0.5	0.833	2	3	5	0.9	0.6	0.6	0.3	2.4	2.1	FC		\N
147	1628410	Edmond Sumner	1610612754	IND	53	16.2	2.8	5.3	0.525	0.7	1.7	0.398	1.3	1.6	0.819	0.3	1.4	1.8	0.9	0.6	0.2	1	1.7	7.5	G		\N
148	203901	Elfrid Payton	1610612752	NYK	63	23.6	4.3	9.9	0.432	0.4	1.6	0.286	1.2	1.7	0.682	1	2.4	3.4	3.2	0.7	0.1	1.6	1.8	10.1	G		\N
149	1630190	Elijah Hughes	1610612762	UTA	18	3.5	0.6	1.7	0.333	0.4	1.3	0.348	0.2	0.2	0.75	0.1	0.4	0.5	0.3	0.1	0.1	0.3	0.1	1.7	G		\N
150	202683	Enes Kanter	1610612757	POR	72	24.4	4.7	7.8	0.604	0	0.1	0.25	1.8	2.3	0.774	3.9	7.1	11	1.2	0.5	0.7	1.1	2.3	11.2	C	U	11
151	202339	Eric Bledsoe	1610612740	NOP	71	29.7	4.3	10.3	0.421	1.7	5	0.341	1.9	2.7	0.687	0.4	3	3.4	3.8	0.8	0.3	1.6	1.6	12.2	G	U	4
152	201569	Eric Gordon	1610612745	HOU	27	29.2	5.9	13.6	0.433	2.6	7.8	0.329	3.5	4.2	0.825	0.3	1.9	2.1	2.6	0.5	0.5	1.9	1.6	17.8	G		\N
153	1629672	Eric Paschall	1610612744	GSW	40	17.4	3.7	7.5	0.497	0.5	1.4	0.333	1.7	2.4	0.713	0.7	2.5	3.2	1.3	0.3	0.2	1.1	1.7	9.5	F		\N
154	101141	Ersan Ilyasova	1610612762	UTA	17	8.7	1.2	3.2	0.389	1.1	2.4	0.439	0.3	0.3	1	0.4	1.3	1.7	0.2	0.6	0.2	0.5	1.7	3.8	F		\N
155	203095	Evan Fournier	1610612738	BOS	42	30	5.9	12.9	0.457	2.8	6.7	0.413	2.6	3.3	0.788	0.2	2.8	3	3.4	1.1	0.5	1.7	2.3	17.1	GF	U	1
156	1630267	Facundo Campazzo	1610612743	DEN	65	21.9	1.8	4.8	0.381	1.2	3.3	0.352	1.2	1.4	0.879	0.3	1.7	2.1	3.6	1.2	0.2	1.1	2	6.1	G		\N
157	1628402	Frank Jackson	1610612765	DET	40	18.5	3.4	7.3	0.457	1.5	3.8	0.407	1.5	1.9	0.813	0.4	1.8	2.2	0.9	0.4	0	0.9	1.3	9.8	G		\N
158	1626163	Frank Kaminsky	1610612756	PHX	47	15.2	2.6	5.5	0.471	0.7	1.8	0.365	0.8	1.3	0.617	0.8	3.2	4	1.7	0.3	0.4	0.5	1.5	6.6	FC		\N
159	1628412	Frank Mason	1610612753	ORL	4	19.8	2.3	6	0.375	0.5	1.3	0.4	1.3	1.8	0.714	0.8	2.3	3	3	0	0	1.3	1.8	6.3	G		\N
160	1628373	Frank Ntilikina	1610612752	NYK	33	9.8	0.9	2.4	0.367	0.7	1.5	0.479	0.2	0.5	0.444	0.2	0.8	0.9	0.6	0.5	0.1	0.3	1.4	2.7	G		\N
161	1627832	Fred VanVleet	1610612761	TOR	52	36.5	6.5	16.7	0.389	3.3	9.2	0.366	3.3	3.7	0.885	0.6	3.6	4.2	6.3	1.7	0.7	1.8	2.3	19.6	G	U	2
162	1627788	Furkan Korkmaz	1610612755	PHI	55	19.3	3.1	7.7	0.401	1.8	4.9	0.375	1.1	1.5	0.732	0.3	1.7	2.1	1.5	0.9	0.2	0.8	1.2	9.1	GF		\N
163	1629216	Gabe Vincent	1610612748	MIA	50	13.1	1.8	4.7	0.378	0.9	3	0.309	0.4	0.5	0.87	0.2	0.9	1.1	1.3	0.4	0	0.7	1.6	4.8	G		\N
164	202066	Garrett Temple	1610612741	CHI	56	27.3	2.8	6.8	0.415	1.2	3.6	0.335	0.7	0.9	0.8	0.5	2.3	2.9	2.2	0.8	0.5	1	2.3	7.6	GF		\N
165	1629726	Garrison Mathews	1610612764	WAS	64	16.2	1.5	3.7	0.409	1.2	3.1	0.384	1.3	1.5	0.884	0.3	1.1	1.4	0.4	0.5	0.1	0.2	1.7	5.5	G		\N
166	1629109	Gary Clark	1610612755	PHI	39	16.8	1	3.4	0.303	0.8	2.8	0.287	0.2	0.3	0.8	0.8	2.1	2.9	0.8	0.3	0.2	0.4	0.9	3.1	F		\N
167	203914	Gary Harris	1610612753	ORL	39	27.7	3.5	8.8	0.4	1.2	3.6	0.34	1.6	2	0.821	0.5	1.5	2	2	0.7	0.3	0.9	1.8	9.9	G		\N
168	1629018	Gary Trent Jr.	1610612761	TOR	58	31.1	5.5	13.5	0.408	2.8	7.4	0.385	1.4	1.8	0.783	0.5	2.2	2.6	1.4	1	0.2	0.7	1.6	15.3	GF	U	8
169	201588	George Hill	1610612755	PHI	30	22.4	3.2	6.6	0.482	1	2.7	0.388	1.3	1.7	0.8	0.5	1.5	2	2.4	0.8	0.2	1	1	8.7	G		\N
170	1627777	Georges Niang	1610612762	UTA	72	16	2.5	5.6	0.437	1.7	4.1	0.425	0.3	0.3	0.957	0.4	2.1	2.4	0.8	0.3	0.1	0.7	1.6	6.9	F		\N
171	203507	Giannis Antetokounmpo	1610612749	MIL	61	33	10.3	18	0.569	1.1	3.6	0.303	6.5	9.5	0.685	1.6	9.4	11	5.9	1.2	1.2	3.4	2.8	28.1	F	F	3
172	203922	Glenn Robinson III	1610612758	SAC	23	16.1	1.8	4.3	0.424	0.7	1.9	0.364	0.9	1	0.913	0.5	1.5	2	0.9	0.2	0.1	0.5	1	5.3	F		\N
173	1629048	Goga Bitadze	1610612754	IND	45	12.5	1.8	4.3	0.428	0.4	1.8	0.253	1	1.4	0.738	1.3	2	3.3	0.8	0.2	1.3	0.4	2.1	5.1	FC		\N
174	201609	Goran Dragic	1610612748	MIA	50	26.7	4.8	11.1	0.432	1.8	4.9	0.373	2	2.4	0.828	0.5	2.9	3.4	4.4	0.7	0.2	2.4	2.3	13.4	G	U	10
175	202330	Gordon Hayward	1610612766	CHA	44	34	7.1	15	0.473	1.9	4.7	0.415	3.5	4.2	0.843	0.8	5	5.9	4.1	1.2	0.3	2.1	1.7	19.6	F	F	12
176	203476	Gorgui Dieng	1610612759	SAS	38	14.5	2.2	4.3	0.521	0.8	1.8	0.429	1.5	1.8	0.866	1.1	2.6	3.7	1.3	0.7	0.4	0.8	1.5	6.8	C		\N
177	1629684	Grant Williams	1610612738	BOS	63	18.1	1.7	3.9	0.437	0.8	2	0.372	0.5	0.8	0.588	0.8	2.1	2.8	1	0.5	0.4	0.9	2.6	4.7	F		\N
178	1628960	Grayson Allen	1610612763	MEM	50	25.2	3.5	8.3	0.418	2.1	5.5	0.391	1.6	1.8	0.868	0.4	2.8	3.2	2.2	0.9	0.2	1	1.4	10.6	G		\N
179	204222	Greg Whittington	1610612743	DEN	4	3	0	0.8	0	0	0.5	0	0	0	0	0	0	0	0	0	0	0	0	0	F		\N
180	1628977	Hamidou Diallo	1610612765	DET	52	23.6	4.3	9	0.477	0.5	1.6	0.341	2.5	3.8	0.64	1.1	4.1	5.2	1.9	0.8	0.5	1.5	2.6	11.6	G		\N
181	203084	Harrison Barnes	1610612758	SAC	58	36.2	5.5	11.1	0.497	1.7	4.4	0.391	3.4	4.1	0.83	1.1	5.5	6.6	3.5	0.7	0.2	1.6	1.3	16.1	F	F	10
182	1628385	Harry Giles III	1610612757	POR	38	9.2	1.1	2.6	0.433	0.2	0.6	0.348	0.4	0.7	0.593	0.8	2.7	3.5	0.8	0.2	0.3	0.5	1.4	2.8	FC		\N
183	202355	Hassan Whiteside	1610612758	SAC	36	15.2	3.5	6.2	0.563	0	0	0	1.1	2.2	0.519	1.7	4.3	6	0.6	0.3	1.3	1.1	2	8.1	C	C	5
184	1627740	Henry Ellenson	1610612761	TOR	2	19.2	2.5	7	0.357	1	4.5	0.222	1.5	2	0.75	1.5	4.5	6	2.5	0	0	0	3.5	7.5	FC		\N
185	1629649	Ignas Brazdeikis	1610612753	ORL	13	19.1	2.7	6.4	0.422	0.8	2.2	0.393	0.8	1.1	0.714	0.8	2.6	3.5	1.3	0.3	0.2	0.9	1.7	7	F		\N
186	202697	Iman Shumpert	1610612751	BKN	2	5.5	0.5	2	0.25	0	1.5	0	0	0	0	0.5	0	0.5	0	0.5	0	0.5	0	1	G		\N
187	1630193	Immanuel Quickley	1610612752	NYK	64	19.4	3.6	9.1	0.395	1.8	4.7	0.389	2.4	2.7	0.891	0.4	1.8	2.1	2	0.5	0.2	0.9	1.8	11.4	G		\N
188	1629067	Isaac Bonga	1610612764	WAS	40	10.8	0.8	2	0.37	0.3	1.2	0.277	0.1	0.2	0.625	0.5	1.2	1.7	0.6	0.3	0.2	0.6	1.6	2	G		\N
189	1630171	Isaac Okoro	1610612739	CLE	67	32.4	3.5	8.3	0.42	0.9	3.2	0.29	1.7	2.3	0.726	1	2.1	3.1	1.9	0.9	0.4	1.3	2.8	9.6	GF		\N
190	1628392	Isaiah Hartenstein	1610612739	CLE	46	12.1	2	3.7	0.55	0	0.1	0.333	1	1.5	0.648	1.4	2.5	3.9	1.2	0.4	0.8	1	2.3	5.1	FC		\N
191	1630198	Isaiah Joe	1610612755	PHI	41	9.3	1.2	3.2	0.361	1	2.6	0.368	0.4	0.6	0.75	0.1	0.7	0.9	0.5	0.3	0.1	0.3	0.8	3.7	G		\N
192	1629676	Isaiah Roby	1610612760	OKC	61	23.4	3.4	7	0.483	0.5	1.8	0.294	1.4	1.9	0.744	1.5	4.1	5.6	1.8	0.9	0.6	1.9	2.7	8.7	F		\N
193	1630191	Isaiah Stewart	1610612765	DET	68	21.4	3.3	6	0.553	0.3	0.9	0.333	0.9	1.4	0.696	2.3	4.3	6.7	0.9	0.6	1.3	1	2.7	7.9	FC		\N
194	202397	Ish Smith	1610612764	WAS	44	21	2.9	6.8	0.434	0.4	1.1	0.367	0.4	0.8	0.576	0.5	2.9	3.4	3.9	0.7	0.3	0.9	1.4	6.7	G		\N
195	1627826	Ivica Zubac	1610612746	LAC	72	22.3	3.6	5.5	0.652	0	0.1	0.25	1.9	2.4	0.789	2.6	4.6	7.2	1.3	0.3	0.9	1.1	2.6	9	C	C	12
196	200755	JJ Redick	1610612742	DAL	44	16.4	2.4	6.1	0.397	1.5	4	0.371	1.1	1.2	0.942	0.1	1.4	1.5	1.2	0.3	0.1	0.8	1.1	7.4	G		\N
197	1629630	Ja Morant	1610612763	MEM	63	32.6	6.8	15.2	0.449	1.2	3.8	0.303	4.3	5.9	0.728	0.9	3.1	4	7.4	0.9	0.2	3.2	1.4	19.1	G	G	1
198	203960	JaKarr Sampson	1610612754	IND	29	10.9	1.9	3.9	0.496	0.1	0.5	0.2	0.7	1	0.655	0.9	1.7	2.7	0.1	0.1	0.5	0.5	1.8	4.6	F		\N
199	203210	JaMychal Green	1610612743	DEN	58	19.3	3	6.4	0.463	1.4	3.4	0.399	0.8	1	0.807	1.5	3.3	4.8	0.9	0.4	0.4	0.9	2.5	8.1	FC		\N
200	201580	JaVale McGee	1610612743	DEN	46	14.7	3.1	6.1	0.511	0.1	0.5	0.208	1	1.5	0.657	1.7	3.5	5.2	0.8	0.4	1.2	1.3	2.6	7.3	FC		\N
201	203953	Jabari Parker	1610612738	BOS	13	12.7	2.3	4.2	0.545	0.2	0.8	0.182	0.8	1	0.769	0.8	2.5	3.2	0.8	0.1	0.4	0.8	1	5.5	F		\N
202	1630183	Jaden McDaniels	1610612750	MIN	63	24	2.6	5.8	0.447	1.1	3.1	0.364	0.4	0.7	0.6	0.8	2.9	3.7	1.1	0.6	1	0.7	2.7	6.8	F		\N
203	203109	Jae Crowder	1610612756	PHX	60	27.5	3.3	8.2	0.404	2.5	6.3	0.389	1	1.3	0.76	0.5	4.2	4.7	2.1	0.8	0.5	0.9	2.1	10.1	F	F	10
204	1630256	Jae'Sean Tate	1610612745	HOU	70	29.2	4.5	8.9	0.506	0.9	2.8	0.308	1.5	2.1	0.694	1.9	3.5	5.3	2.5	1.2	0.5	1.4	3.2	11.3	F	F	7
205	1626143	Jahlil Okafor	1610612765	DET	27	12.9	2.3	3.8	0.618	0.1	0.3	0.222	0.6	0.9	0.708	0.9	1.6	2.4	0.5	0.2	0.2	0.8	1.4	5.4	FC		\N
206	1630186	Jahmi'us Ramsey	1610612758	SAC	13	7.3	1.2	2.9	0.395	0.4	1.5	0.263	0.4	0.4	1	0.2	0.6	0.8	0.5	0.3	0.1	0.2	0.6	3.1	G		\N
207	1627774	Jake Layman	1610612750	MIN	45	13.9	2	4.1	0.495	0.5	1.7	0.295	0.6	0.8	0.703	0.3	1.2	1.5	0.6	0.6	0.4	0.6	1	5.1	F		\N
208	1627751	Jakob Poeltl	1610612759	SAS	69	26.7	3.8	6.2	0.616	0	0	0	0.9	1.8	0.508	3.2	4.8	7.9	1.9	0.7	1.8	1.2	2.5	8.6	C	C	4
209	1628973	Jalen Brunson	1610612742	DAL	68	25	4.8	9.2	0.523	1.2	2.9	0.405	1.8	2.2	0.795	0.4	3	3.4	3.5	0.5	0	1.2	1.6	12.6	G		\N
210	1630223	Jalen Harris	1610612761	TOR	13	13.2	2.8	5.5	0.5	1.3	2.8	0.472	0.5	0.7	0.778	0.2	1.2	1.4	1.3	0.6	0	1.1	1.2	7.4	G		\N
211	1629665	Jalen Lecque	1610612754	IND	4	3	0.3	2.3	0.111	0	0.3	0	0.8	0.8	1	0.5	0.8	1.3	0.5	0	0	0	0	1.3	G		\N
212	1629667	Jalen McDaniels	1610612766	CHA	47	19.2	2.8	6	0.468	0.7	2.2	0.333	1	1.4	0.703	1	2.6	3.6	1.1	0.6	0.4	1	2	7.4	FC	U	4
213	1630188	Jalen Smith	1610612756	PHX	27	5.8	0.8	1.9	0.44	0.1	0.6	0.235	0.2	0.3	0.714	0.3	1.1	1.4	0.1	0	0.1	0.3	0.6	2	FC		\N
214	1627750	Jamal Murray	1610612743	DEN	48	35.5	7.9	16.5	0.477	2.7	6.6	0.408	2.8	3.2	0.869	0.8	3.3	4	4.8	1.3	0.3	2.3	2	21.2	G	U	9
215	203516	James Ennis III	1610612753	ORL	41	24.1	2.8	5.9	0.473	1.1	2.5	0.433	1.7	2.1	0.805	1	3	4	1.5	0.8	0.2	0.9	2	8.4	F		\N
216	201935	James Harden	1610612751	BKN	44	36.6	7.8	16.7	0.466	2.8	7.6	0.362	6.3	7.3	0.861	0.8	7.1	7.9	10.8	1.2	0.8	4	2.3	24.6	G	G	2
217	201949	James Johnson	1610612740	NOP	51	20.5	2.9	6.4	0.446	0.6	2.4	0.258	0.9	1.5	0.592	0.6	2.8	3.5	1.9	0.8	0.8	1.1	2.4	7.2	F		\N
218	1630164	James Wiseman	1610612744	GSW	39	21.4	4.9	9.4	0.519	0.3	1	0.316	1.4	2.2	0.628	1.4	4.4	5.8	0.7	0.3	0.9	1.5	3.1	11.5	C	C	5
219	201162	Jared Dudley	1610612747	LAL	12	6.7	0.2	0.8	0.222	0.2	0.5	0.333	0	0	0	0.3	1.4	1.8	0.4	0.1	0.1	0.2	0.6	0.5	F		\N
220	1629607	Jared Harper	1610612752	NYK	8	2	0	0.5	0	0	0.1	0	0.4	0.5	0.75	0	0.3	0.3	0.1	0	0	0.4	0.1	0.4	G		\N
221	1629020	Jarred Vanderbilt	1610612750	MIN	64	17.8	2.2	3.7	0.606	0	0.1	0.2	0.9	1.6	0.559	1.8	3.9	5.8	1.2	1	0.7	0.8	1.9	5.4	F		\N
222	1629714	Jarrell Brantley	1610612762	UTA	28	4.9	0.9	1.9	0.481	0.4	1	0.429	0.1	0.1	1	0.3	0.6	1	0.5	0.3	0.1	0.3	0.6	2.3	F		\N
223	1628386	Jarrett Allen	1610612739	CLE	63	29.6	4.7	7.7	0.618	0.1	0.3	0.316	3.2	4.6	0.703	3.1	6.9	10	1.7	0.5	1.4	1.6	1.5	12.8	C	C	3
224	1629633	Jarrett Culver	1610612750	MIN	34	14.7	2	4.9	0.411	0.4	1.6	0.245	0.9	1.4	0.604	1	2.1	3.1	0.7	0.5	0.3	0.8	1.7	5.3	GF		\N
225	1629750	Javonte Green	1610612741	CHI	41	11.6	1.3	2.5	0.52	0.2	0.7	0.333	0.7	1	0.75	0.6	1.1	1.7	0.4	0.7	0.1	0.5	1.1	3.6	GF		\N
226	1629637	Jaxson Hayes	1610612740	NOP	60	16.1	2.9	4.7	0.625	0.1	0.2	0.429	1.6	2	0.775	1.5	2.8	4.3	0.6	0.4	0.6	0.7	1.7	7.5	FC		\N
227	1629121	Jaylen Adams	1610612749	MIL	7	2.6	0.1	1.1	0.125	0	0.3	0	0	0	0	0	0.4	0.4	0.3	0	0	0	0.1	0.3	G		\N
228	1627759	Jaylen Brown	1610612738	BOS	58	34.5	9.3	19.2	0.484	2.8	7.1	0.397	3.3	4.3	0.764	1.2	4.8	6	3.4	1.2	0.6	2.7	2.9	24.7	GF	U	12
229	1629669	Jaylen Nowell	1610612750	MIN	42	18.1	3.4	8	0.424	1.2	3.6	0.333	1.1	1.3	0.818	0.5	1.8	2.3	1.5	0.5	0.3	0.7	1.7	9	G		\N
230	1628369	Jayson Tatum	1610612738	BOS	64	35.8	9.5	20.6	0.459	2.9	7.6	0.386	4.6	5.3	0.868	0.8	6.6	7.4	4.3	1.2	0.5	2.7	1.9	26.4	GF	F	5
231	201145	Jeff Green	1610612751	BKN	68	27	3.8	7.8	0.492	1.5	3.7	0.412	1.8	2.4	0.776	0.5	3.4	3.9	1.6	0.5	0.4	0.8	1.8	11	F		\N
232	201952	Jeff Teague	1610612749	MIL	55	17.3	2.2	5.2	0.433	0.7	1.5	0.439	1.6	1.9	0.848	0.3	1.3	1.6	2.4	0.6	0.2	1.2	1	6.7	G		\N
233	203924	Jerami Grant	1610612765	DET	54	33.9	7.4	17.3	0.429	2.1	6.1	0.35	5.4	6.4	0.845	0.6	4	4.6	2.8	0.6	1.1	2	2.3	22.3	F	F	11
234	203087	Jeremy Lamb	1610612754	IND	36	21.3	3.3	7.7	0.435	1.4	3.6	0.406	2	2.1	0.947	0.7	2.9	3.6	1.5	0.9	0.6	0.6	2	10.1	GF		\N
235	1629010	Jerome Robinson	1610612764	WAS	17	17.9	1.6	5.6	0.295	0.6	2.5	0.262	0.9	1.2	0.8	0.2	2	2.2	1.5	0.7	0.4	1.1	1.8	4.9	G		\N
236	1628975	Jevon Carter	1610612756	PHX	60	11.9	1.6	3.7	0.422	0.9	2.5	0.371	0.1	0.1	0.571	0.3	1.3	1.5	1.2	0.5	0.2	0.3	0.9	4.1	G		\N
237	202710	Jimmy Butler	1610612748	MIA	52	33.6	7	14.2	0.497	0.5	2	0.245	6.9	8	0.863	1.8	5.1	6.9	7.1	2.1	0.3	2.1	1.4	21.5	F	U	10
238	203925	Joe Harris	1610612751	BKN	69	31	5.2	10.2	0.505	3.1	6.4	0.475	0.7	0.9	0.778	0.6	3	3.6	1.9	0.7	0.2	0.9	2	14.1	GF	U	8
239	204060	Joe Ingles	1610612762	UTA	67	27.9	4.1	8.4	0.489	2.7	6.1	0.451	1.1	1.3	0.844	0.4	3.2	3.6	4.7	0.7	0.2	1.7	1.8	12.1	GF	G	10
240	203954	Joel Embiid	1610612755	PHI	51	31.1	9	17.6	0.513	1.1	3	0.377	9.2	10.7	0.859	2.2	8.4	10.6	2.8	1	1.4	3.1	2.4	28.5	FC	U	7
241	1628381	John Collins	1610612737	ATL	63	29.3	6.8	12.2	0.556	1.3	3.3	0.399	2.7	3.2	0.833	1.9	5.5	7.4	1.2	0.5	1	1.3	3.1	17.6	FC	U	3
242	1629723	John Konchar	1610612763	MEM	43	13.4	1.6	3.2	0.5	0.5	1.3	0.375	0.6	0.7	0.833	0.8	2.2	3	1.1	0.7	0.2	0.4	0.9	4.3	G		\N
243	202322	John Wall	1610612745	HOU	40	32.2	7.3	18.2	0.404	2	6.2	0.317	4	5.3	0.749	0.4	2.8	3.2	6.9	1.1	0.8	3.5	1.2	20.6	G	G	11
244	202685	Jonas Valanciunas	1610612763	MEM	62	28.3	7.1	12	0.592	0.3	0.9	0.368	2.5	3.3	0.773	4.1	8.4	12.5	1.8	0.6	0.9	1.6	2.9	17.1	C	C	10
245	1629007	Jontay Porter	1610612763	MEM	11	4.9	0.7	1.4	0.533	0.3	0.7	0.375	0.3	0.5	0.6	0.4	0.9	1.3	0.1	0.3	0.1	0.6	1.1	2	FC		\N
246	1628395	Jordan Bell	1610612744	GSW	6	13.6	1.2	3.7	0.318	0	0.3	0	0.2	0.3	0.5	1.2	2.8	4	1.2	0.5	0.8	0.7	1.2	2.5	F		\N
247	1629648	Jordan Bone	1610612753	ORL	14	14	1.6	3.9	0.426	0.7	2.3	0.313	0	0	0	0.3	1.4	1.7	1.3	0.1	0	0.2	0.8	4	G		\N
248	203903	Jordan Clarkson	1610612762	UTA	68	26.7	6.7	15.8	0.425	3.1	8.8	0.347	1.9	2.1	0.896	0.7	3.3	4	2.5	0.9	0.1	1.7	1.6	18.4	G	U	1
249	1629162	Jordan McLaughlin	1610612750	MIN	51	18.4	2	4.7	0.413	0.6	1.8	0.359	0.5	0.6	0.767	0.4	1.7	2.1	3.8	1	0.1	1	0.9	5	G		\N
250	1629670	Jordan Nwora	1610612749	MIL	30	9.1	2.1	4.5	0.459	0.9	2.1	0.452	0.6	0.8	0.76	0.3	1.7	2	0.2	0.6	0.3	0.8	0.7	5.7	F		\N
251	1629673	Jordan Poole	1610612744	GSW	51	19.4	4	9.3	0.432	1.9	5.4	0.351	2.1	2.3	0.882	0.3	1.5	1.8	1.9	0.5	0.2	1	1.7	12	G		\N
252	1630182	Josh Green	1610612742	DAL	39	11.4	1.1	2.4	0.452	0.1	0.6	0.16	0.3	0.6	0.565	0.7	1.3	2	0.7	0.4	0.1	0.4	0.9	2.6	G		\N
253	1630221	Josh Hall	1610612760	OKC	21	16	1.4	4.7	0.303	0.2	1.8	0.108	1	2.1	0.5	0.3	2.5	2.8	1.3	0.2	0	1.2	1.8	4.1	F		\N
254	1628404	Josh Hart	1610612740	NOP	47	28.7	3.2	7.3	0.439	1.3	4.1	0.326	1.5	1.9	0.775	1.1	6.9	8	2.3	0.8	0.3	1	2.4	9.2	G		\N
255	1628367	Josh Jackson	1610612765	DET	62	25.2	4.8	11.4	0.419	1.2	4.1	0.3	2.6	3.5	0.729	0.9	3.2	4.1	2.3	0.9	0.8	2.3	2.9	13.4	GF		\N
256	1629006	Josh Okogie	1610612750	MIN	59	20.3	1.7	4.3	0.402	0.5	1.8	0.269	1.4	1.8	0.769	1.1	1.6	2.6	1.1	0.9	0.5	0.7	2.1	5.4	G		\N
257	1626196	Josh Richardson	1610612742	DAL	59	30.3	4.5	10.5	0.427	1.5	4.5	0.33	1.7	1.8	0.917	0.9	2.4	3.3	2.6	1	0.4	1.3	2.2	12.1	G		\N
258	201950	Jrue Holiday	1610612749	MIL	59	32.3	7	13.9	0.503	1.9	4.8	0.392	1.8	2.3	0.787	1.2	3.3	4.5	6.1	1.6	0.6	2.2	1.7	17.7	G	G	2
259	1629308	Juan Toscano-Anderson	1610612744	GSW	53	20.9	2.3	3.9	0.579	0.7	1.7	0.402	0.4	0.6	0.71	0.5	3.9	4.4	2.8	0.8	0.5	1.2	2.1	5.7	F		\N
260	1627823	Juancho Hernangomez	1610612750	MIN	52	17.3	2.5	5.8	0.435	1.1	3.2	0.327	1.2	1.9	0.619	0.9	3.1	3.9	0.7	0.4	0.1	0.5	1	7.2	F		\N
261	203944	Julius Randle	1610612752	NYK	71	37.6	8.5	18.6	0.456	2.3	5.5	0.411	4.9	6	0.811	1.2	9	10.2	6	0.9	0.3	3.4	3.2	24.1	FC	C	12
262	203200	Justin Holiday	1610612754	IND	72	30.3	3.6	8.7	0.413	2.4	6.3	0.382	0.9	1.2	0.788	0.4	3.1	3.6	1.7	1	0.6	0.8	1.9	10.5	GF	G	3
263	1628382	Justin Jackson	1610612749	MIL	34	17	2.6	6.5	0.403	1.1	3.4	0.308	0.9	1.1	0.838	0.5	1.8	2.3	1.5	0.4	0.1	0.9	0.9	7.2	F		\N
264	1629713	Justin James	1610612758	SAC	36	8.6	1.4	3.1	0.468	0.4	1.1	0.368	0.6	1	0.583	0.3	0.6	0.8	0.6	0.2	0.1	0.4	0.6	3.9	GF		\N
265	1628383	Justin Patton	1610612745	HOU	13	19	2.2	5.4	0.414	0.7	2.6	0.265	0.2	0.3	0.75	1.1	2.7	3.8	1.1	0.9	1.1	0.3	2.6	5.4	C		\N
266	1626159	Justise Winslow	1610612763	MEM	26	19.5	2.8	8.1	0.352	0.4	2.1	0.185	0.8	1.3	0.571	0.7	3.8	4.5	1.9	0.6	0.5	1.4	1.8	6.8	GF		\N
267	203994	Jusuf Nurkic	1610612757	POR	37	23.8	4.6	9	0.514	0.3	0.8	0.4	1.9	3.1	0.619	2.3	6.6	9	3.4	1	1.1	2	2.8	11.5	C	C	6
268	1629752	Juwan Morgan	1610612762	UTA	29	5.1	0.5	1	0.467	0.1	0.4	0.308	0.1	0.2	0.429	0.3	0.7	1	0.3	0.1	0	0.1	0.7	1.2	F		\N
269	1629644	KZ Okpala	1610612748	MIA	37	12.1	1	2.6	0.375	0.3	1.4	0.24	0.2	0.4	0.533	0.6	1.3	1.8	0.5	0.3	0.3	0.4	1.6	2.5	GF		\N
270	1630211	Karim Mane	1610612753	ORL	10	8.8	0.3	1.3	0.231	0.1	0.2	0.5	0.4	0.5	0.8	0.1	1.3	1.4	0.4	0	0.2	0.3	1	1.1	G		\N
271	1626157	Karl-Anthony Towns	1610612750	MIN	50	33.8	8.5	17.5	0.486	2.4	6.3	0.387	5.3	6.2	0.859	2.7	7.9	10.6	4.5	0.8	1.1	3.2	3.7	24.8	FC	C	8
272	202695	Kawhi Leonard	1610612746	LAC	52	34.1	8.9	17.5	0.512	1.9	4.9	0.398	5	5.7	0.885	1.1	5.4	6.5	5.2	1.6	0.4	2	1.6	24.8	F	F	6
273	1628966	Keita Bates-Diop	1610612759	SAS	30	8.2	1	2.2	0.448	0.2	0.6	0.294	0.5	0.7	0.667	0.3	1.3	1.6	0.4	0.4	0.2	0.2	0.4	2.6	F		\N
274	1629103	Kelan Martin	1610612754	IND	35	9.2	1.8	3.9	0.449	0.7	1.7	0.4	0.3	0.3	0.9	0.5	1.7	2.2	0.5	0.3	0.3	0.5	1	4.5	F		\N
275	1629640	Keldon Johnson	1610612759	SAS	69	28.5	4.9	10.2	0.479	0.9	2.6	0.331	2.1	2.8	0.74	1.3	4.6	6	1.8	0.6	0.3	1.1	2.1	12.8	GF		\N
276	1629833	Keljin Blevins	1610612757	POR	17	4.4	0.3	1.2	0.25	0.1	0.5	0.25	0	0	0	0.2	0.4	0.6	0.2	0.1	0	0.3	0.5	0.7	G		\N
277	203482	Kelly Olynyk	1610612745	HOU	70	28.5	4.8	10	0.484	1.8	5.3	0.342	2.1	2.5	0.829	1.2	5.7	7	2.9	1.1	0.6	1.8	3	13.5	FC		\N
278	1626162	Kelly Oubre Jr.	1610612744	GSW	55	30.7	5.8	13.2	0.439	1.6	5.2	0.316	2.2	3.2	0.695	1.5	4.5	6	1.3	1	0.8	1.3	2.2	15.4	GF	G	6
279	202689	Kemba Walker	1610612738	BOS	43	31.8	6.6	15.7	0.42	3	8.2	0.36	3.1	3.5	0.899	0.4	3.6	4	4.9	1.1	0.3	2	1.4	19.3	G	G	3
280	1629134	Kendrick Nunn	1610612748	MIA	56	29.5	5.7	11.8	0.485	2.2	5.7	0.381	1	1.1	0.933	0.4	2.8	3.2	2.6	0.9	0.3	1.4	1.9	14.6	G	G	4
281	1629026	Kenrich Williams	1610612760	OKC	66	21.6	3.3	6.2	0.533	0.8	1.8	0.444	0.5	1	0.571	1.3	2.9	4.1	2.3	0.8	0.3	1.2	2.2	8	GF		\N
282	203145	Kent Bazemore	1610612744	GSW	67	19.9	2.6	5.9	0.449	1.1	2.7	0.408	0.8	1.2	0.692	0.4	3	3.4	1.6	1	0.5	1.2	2.4	7.2	GF		\N
283	203484	Kentavious Caldwell-Pope	1610612747	LAL	67	28.4	3.3	7.6	0.431	1.8	4.4	0.41	1.4	1.7	0.866	0.4	2.3	2.7	1.9	0.9	0.4	1	1.7	9.7	G		\N
284	1630231	Kenyon Martin Jr.	1610612745	HOU	45	23.7	3.6	7.1	0.509	0.8	2.1	0.365	1.3	1.9	0.714	1.6	3.8	5.4	1.1	0.7	0.9	0.8	2	9.3	F		\N
285	201142	Kevin Durant	1610612751	BKN	35	33.1	9.3	17.2	0.537	2.4	5.4	0.45	6	6.8	0.882	0.4	6.7	7.1	5.6	0.7	1.3	3.4	2	26.9	F	F	6
286	1628989	Kevin Huerter	1610612737	ATL	69	30.8	4.6	10.6	0.432	2	5.6	0.363	0.7	0.9	0.781	0.6	2.8	3.3	3.5	1.2	0.3	1.1	2.4	11.9	GF	U	2
287	1628995	Kevin Knox II	1610612752	NYK	42	11.1	1.3	3.4	0.392	0.8	2.1	0.393	0.4	0.5	0.8	0.2	1.2	1.5	0.5	0.3	0.1	0.4	0.9	3.9	F		\N
288	201567	Kevin Love	1610612739	CLE	25	24.9	4.1	10.1	0.409	2.3	6.2	0.365	1.7	2	0.824	0.7	6.8	7.4	2.5	0.6	0.1	1.5	1	12.2	FC	F	2
289	1629645	Kevin Porter Jr.	1610612745	HOU	26	32.1	6	14.1	0.425	1.9	6.2	0.311	2.7	3.6	0.734	0.8	3	3.8	6.3	0.7	0.3	3.5	2.3	16.6	GF	U	2
290	1626172	Kevon Looney	1610612744	GSW	61	19	1.8	3.2	0.548	0.1	0.3	0.235	0.5	0.8	0.646	1.9	3.4	5.3	2	0.3	0.4	0.6	2.2	4.1	F		\N
291	203920	Khem Birch	1610612761	TOR	67	22.8	2.8	5.7	0.497	0.2	0.8	0.25	1.4	1.9	0.705	2.6	3.2	5.8	1.3	0.7	0.7	0.7	1.7	7.2	C		\N
292	203114	Khris Middleton	1610612749	MIL	68	33.4	7.5	15.8	0.476	2.2	5.4	0.414	3.1	3.5	0.898	0.8	5.2	6	5.4	1.1	0.1	2.6	2.4	20.4	F	F	2
293	1630165	Killian Hayes	1610612765	DET	26	25.8	2.7	7.7	0.353	0.8	2.8	0.278	0.5	0.7	0.824	0.2	2.4	2.7	5.3	1	0.4	3.2	2.2	6.8	G		\N
294	1629681	Killian Tillie	1610612763	MEM	18	10.1	1.1	3.2	0.333	0.6	1.8	0.303	0.5	0.6	0.818	0.3	1	1.3	0.4	0.3	0.4	0.1	1.1	3.2	FC		\N
295	1630184	Kira Lewis Jr.	1610612740	NOP	54	16.7	2.4	6.2	0.386	0.7	2.2	0.333	0.8	0.9	0.843	0.2	1.1	1.3	2.3	0.7	0.2	0.6	1.6	6.4	G		\N
296	1628961	Kostas Antetokounmpo	1610612747	LAL	15	3.7	0.2	0.7	0.3	0	0	0	0.4	0.9	0.462	0.3	1	1.3	0.1	0.1	0.3	0.7	0.5	0.8	F		\N
297	204001	Kristaps Porzingis	1610612742	DAL	43	30.9	7.6	15.9	0.476	2.3	6	0.376	2.7	3.2	0.855	1.9	7	8.9	1.6	0.5	1.3	1.2	2.7	20.1	FC	U	3
298	203937	Kyle Anderson	1610612763	MEM	69	27.4	4.5	9.5	0.468	1.4	3.8	0.36	2.1	2.7	0.783	0.8	5	5.7	3.6	1.2	0.8	1.2	1.7	12.4	GF	F	2
299	1629657	Kyle Guy	1610612758	SAC	31	7.6	0.9	2.8	0.33	0.4	1.5	0.283	0.5	0.6	0.8	0.2	1	1.1	1	0.2	0	0.4	0.6	2.8	G		\N
300	1628398	Kyle Kuzma	1610612747	LAL	68	28.7	4.9	11.1	0.443	2	5.6	0.361	1	1.4	0.691	1.6	4.5	6.1	1.9	0.5	0.6	1.7	1.8	12.9	F	U	12
301	200768	Kyle Lowry	1610612761	TOR	46	34.8	5.7	13	0.436	2.8	7.2	0.396	3	3.5	0.875	0.8	4.6	5.4	7.3	1	0.3	2.7	3.1	17.2	G	G	4
302	202681	Kyrie Irving	1610612751	BKN	54	34.9	10.2	20.1	0.506	2.8	7	0.402	3.7	4	0.922	1	3.8	4.8	6	1.4	0.7	2.4	2.6	26.9	G	G	5
303	200746	LaMarcus Aldridge	1610612751	BKN	26	25.9	5.4	11.4	0.473	1.2	3.1	0.388	1.6	1.8	0.872	0.7	3.8	4.5	1.9	0.4	1.1	1	1.8	13.5	FC		\N
304	1630163	LaMelo Ball	1610612766	CHA	51	28.8	5.7	13.2	0.436	1.8	5.1	0.352	2.5	3.2	0.758	1.2	4.7	5.9	6.1	1.6	0.4	2.8	2.7	15.7	G	U	8
305	1630205	Lamar Stevens	1610612739	CLE	40	12.5	1.6	3.4	0.456	0.1	0.6	0.16	0.9	1.3	0.725	0.6	1.8	2.4	0.6	0.4	0.3	0.6	1.3	4.1	F		\N
306	1629013	Landry Shamet	1610612751	BKN	61	23	3	7.5	0.408	2.1	5.5	0.387	1.1	1.3	0.846	0.2	1.7	1.8	1.6	0.5	0.2	0.8	1.5	9.3	G		\N
307	204038	Langston Galloway	1610612756	PHX	40	10.9	1.7	3.7	0.449	0.9	2.1	0.424	0.6	0.6	0.957	0.2	0.9	1.1	0.7	0.2	0	0.3	0.6	4.8	G		\N
308	1626204	Larry Nance Jr.	1610612739	CLE	35	31.2	3.7	7.8	0.471	1.2	3.3	0.36	0.9	1.4	0.612	1.5	5.2	6.7	3.1	1.7	0.5	1.6	2.1	9.3	FC	C	1
309	1628374	Lauri Markkanen	1610612741	CHI	51	25.8	4.9	10.2	0.48	2.3	5.8	0.402	1.5	1.8	0.826	0.7	4.6	5.3	0.9	0.5	0.3	1	1.5	13.6	FC	C	1
310	2544	LeBron James	1610612747	LAL	45	33.4	9.4	18.3	0.513	2.3	6.3	0.365	4	5.7	0.698	0.6	7	7.7	7.8	1.1	0.6	3.7	1.6	25	F	F	11
311	1629022	Lonnie Walker IV	1610612759	SAS	60	25.4	4.3	10.2	0.42	1.7	4.7	0.355	1	1.2	0.814	0.2	2.4	2.6	1.7	0.5	0.3	1.1	1.7	11.2	GF		\N
312	1628366	Lonzo Ball	1610612740	NOP	55	31.8	5.3	12.7	0.414	3.1	8.3	0.378	0.9	1.2	0.781	0.6	4.2	4.8	5.7	1.5	0.6	2.2	1.9	14.6	G	G	3
313	101150	Lou Williams	1610612737	ATL	66	21.6	4	9.8	0.41	1	2.6	0.399	2.3	2.6	0.867	0.3	1.8	2.1	3.4	0.7	0.1	1.6	0.9	11.3	G		\N
314	1629652	Luguentz Dort	1610612760	OKC	52	29.7	4.8	12.3	0.387	2.2	6.3	0.343	2.3	3.2	0.744	0.7	2.9	3.6	1.7	0.9	0.4	1.5	2.6	14	G	U	6
315	1629029	Luka Doncic	1610612742	DAL	66	34.3	9.8	20.5	0.479	2.9	8.3	0.35	5.2	7.1	0.73	0.8	7.2	8	8.6	1	0.5	4.3	2.3	27.7	GF	F	4
316	1629677	Luka Samanic	1610612759	SAS	33	9.3	1.4	3.2	0.448	0.4	1.3	0.279	0.5	0.9	0.552	0.5	1.6	2.1	0.5	0.2	0.2	0.6	1.3	3.7	F		\N
317	1628379	Luke Kennard	1610612746	LAC	63	19.6	3.1	6.6	0.476	1.6	3.6	0.446	0.4	0.5	0.839	0.2	2.3	2.6	1.7	0.4	0.1	0.8	1.4	8.3	G		\N
318	1628436	Luke Kornet	1610612738	BOS	31	11.2	1.4	3.3	0.436	0.5	1.9	0.254	0.1	0.2	0.5	0.5	1.7	2.2	0.8	0.1	1	0.2	0.6	3.4	FC		\N
319	1630201	Malachi Flynn	1610612761	TOR	47	19.7	2.7	7.2	0.374	1.1	3.6	0.321	1	1.2	0.804	0.2	2.3	2.5	2.9	0.8	0.1	0.9	1.4	7.5	G	G	11
320	1627763	Malcolm Brogdon	1610612754	IND	56	34.5	7.9	17.5	0.453	2.6	6.7	0.388	2.7	3.2	0.864	1	4.2	5.3	5.9	0.9	0.3	2.1	2	21.2	G	U	6
321	1627736	Malik Beasley	1610612750	MIN	37	32.8	7.1	16.2	0.44	3.5	8.7	0.399	1.8	2.2	0.85	0.8	3.6	4.4	2.4	0.8	0.2	1.6	1.7	19.6	G		\N
322	1628370	Malik Monk	1610612766	CHA	42	20.9	4.1	9.5	0.434	2	5	0.401	1.4	1.7	0.819	0.3	2.1	2.4	2.1	0.5	0.1	1.3	1.1	11.7	G		\N
323	1629603	Mamadi Diakite	1610612749	MIL	14	10.1	1.1	2.9	0.4	0.1	0.6	0.125	0.8	1	0.786	0.6	1.9	2.4	0.6	0.4	0.4	0.2	1.1	3.1	F		\N
324	201188	Marc Gasol	1610612747	LAL	52	19.1	1.7	3.7	0.454	1	2.3	0.41	0.7	1	0.72	0.7	3.4	4.1	2.1	0.5	1.1	1	2.2	5	C		\N
325	202694	Marcus Morris Sr.	1610612746	LAC	57	26.3	4.8	10.2	0.473	2.5	5.2	0.473	1.3	1.6	0.82	0.6	3.5	4.1	1	0.6	0.3	1	2.1	13.4	F		\N
326	203935	Marcus Smart	1610612738	BOS	48	32.9	4.2	10.6	0.398	1.9	5.9	0.33	2.7	3.4	0.79	0.8	2.7	3.5	5.7	1.5	0.5	2	2.6	13.1	G	U	9
327	1628365	Markelle Fultz	1610612753	ORL	8	26.9	5.1	13	0.394	0.5	2	0.25	2.1	2.4	0.895	0.6	2.5	3.1	5.4	1	0.3	2.3	2.3	12.9	G		\N
328	202693	Markieff Morris	1610612747	LAL	61	19.7	2.5	6.2	0.405	1.1	3.4	0.311	0.6	0.8	0.72	0.8	3.6	4.4	1.2	0.4	0.3	0.9	1.7	6.7	F		\N
329	1630210	Markus Howard	1610612743	DEN	37	5.5	1.1	2.9	0.377	0.5	1.8	0.277	0.2	0.2	0.778	0	0.5	0.6	0.5	0.1	0	0.5	0.6	2.8	G		\N
330	1629716	Marques Bolden	1610612739	CLE	6	4.8	0.2	0.5	0.333	0	0	0	0.8	1.3	0.625	0.5	0.5	1	0	0.3	0.3	0.3	0	1.2	C		\N
331	1627737	Marquese Chriss	1610612744	GSW	2	13.4	2.5	7	0.357	0.5	2.5	0.2	1	2	0.5	1.5	5	6.5	1	0	1	1	1.5	6.5	F		\N
332	1628963	Marvin Bagley III	1610612758	SAC	43	25.9	5.7	11.4	0.504	0.9	2.5	0.343	1.8	3.1	0.575	2.5	4.9	7.4	1	0.5	0.5	1.4	2.3	14.1	F	U	9
333	1630222	Mason Jones	1610612755	PHI	32	10.5	1.6	3.8	0.423	0.8	2.1	0.364	1.3	2	0.625	0.2	1.5	1.7	1.3	0.2	0	0.9	0.8	5.3	G		\N
334	203486	Mason Plumlee	1610612765	DET	56	26.8	4.2	6.8	0.614	0	0.1	0	2	3	0.669	2.6	6.7	9.3	3.6	0.8	0.9	1.9	3.3	10.4	FC		\N
335	1629680	Matisse Thybulle	1610612755	PHI	65	20	1.6	3.7	0.42	0.7	2.2	0.301	0.1	0.3	0.444	0.5	1.4	1.9	1	1.6	1.1	0.5	2	3.9	GF	U	3
336	1629744	Matt Thomas	1610612762	UTA	45	7.3	1.1	2.8	0.394	0.6	1.8	0.338	0.3	0.3	0.857	0.2	0.8	1	0.4	0.1	0	0.3	0.4	3.1	G		\N
337	203521	Matthew Dellavedova	1610612739	CLE	13	17.2	1.1	4.3	0.25	0.3	1.9	0.16	0.3	0.3	1	0.5	1.4	1.8	4.5	0.3	0.1	0.5	1.6	2.8	G		\N
338	203090	Maurice Harkless	1610612758	SAC	37	20.9	1.9	4.5	0.418	0.6	2.3	0.274	0.9	1.2	0.767	0.4	2.1	2.4	1.2	0.8	0.5	0.6	2.3	5.2	GF		\N
339	1629622	Max Strus	1610612748	MIA	39	13	2.2	4.8	0.455	1.3	3.8	0.338	0.4	0.6	0.667	0.1	0.9	1.1	0.6	0.3	0.1	0.2	1.1	6.1	GF		\N
340	1628467	Maxi Kleber	1610612742	DAL	50	26.8	2.3	5.5	0.422	1.7	4.2	0.41	0.7	0.7	0.919	0.9	4.3	5.2	1.4	0.5	0.7	0.6	2.1	7.1	F	F	5
341	203086	Meyers Leonard	1610612748	MIA	3	9.8	1	2.3	0.429	1	2.3	0.429	0.3	0.7	0.5	0	2.3	2.3	0.7	0	0	0.7	1.7	3.3	FC		\N
342	1629662	Mfiondu Kabengele	1610612739	CLE	39	7.2	0.8	2.3	0.371	0.3	1.3	0.26	0.4	0.5	0.8	0.3	1.2	1.5	0.4	0.2	0.3	0.4	0.9	2.4	FC		\N
343	203487	Michael Carter-Williams	1610612753	ORL	31	25.8	3.4	8.7	0.389	0.5	2	0.246	1.6	2.6	0.613	1.3	3.2	4.5	4.2	0.8	0.5	2.2	2.6	8.8	G		\N
344	1629008	Michael Porter Jr.	1610612743	DEN	61	31.3	7.3	13.4	0.542	2.8	6.3	0.445	1.7	2.2	0.791	1.5	5.8	7.3	1.1	0.7	0.9	1.3	2.1	19	F	F	8
345	1628969	Mikal Bridges	1610612756	PHX	72	32.6	5	9.3	0.543	1.9	4.4	0.425	1.5	1.8	0.84	1.1	3.2	4.3	2.1	1.1	0.9	0.8	1.6	13.5	F	F	3
346	201144	Mike Conley	1610612762	UTA	51	29.4	5.6	12.5	0.444	2.7	6.6	0.412	2.4	2.8	0.852	0.7	2.8	3.5	6	1.4	0.2	1.9	1.9	16.2	G	G	8
347	203488	Mike Muscala	1610612760	OKC	35	18.4	3.4	7.6	0.446	1.9	5.3	0.37	0.9	1	0.917	0.5	3.2	3.8	0.8	0.2	0.3	0.6	1.5	9.7	FC		\N
348	203118	Mike Scott	1610612755	PHI	51	16.7	1.5	4.1	0.36	1	3	0.342	0.2	0.2	0.667	0.2	2.1	2.4	0.8	0.5	0.3	0.4	1.4	4.2	F		\N
349	1628970	Miles Bridges	1610612766	CHA	66	29.3	4.7	9.4	0.503	1.8	4.4	0.4	1.5	1.7	0.867	1.2	4.8	6	2.2	0.7	0.8	1.6	2.2	12.7	F		\N
350	1629011	Mitchell Robinson	1610612752	NYK	31	27.5	3.7	5.7	0.653	0	0	0	0.8	1.7	0.491	3.6	4.5	8.1	0.5	1.1	1.5	0.8	2.8	8.3	FC		\N
351	1629671	Miye Oni	1610612762	UTA	54	9.6	0.6	1.8	0.354	0.6	1.6	0.341	0.1	0.1	0.833	0.4	1.1	1.6	0.5	0.2	0.1	0.3	1.1	1.9	GF		\N
352	1628964	Mo Bamba	1610612753	ORL	46	15.8	3.1	6.5	0.472	0.8	2.6	0.322	1	1.4	0.682	1.7	4.1	5.8	0.8	0.3	1.3	0.8	1.9	8	C	C	4
353	1628420	Monte Morris	1610612743	DEN	47	25.5	4	8.2	0.481	1.1	2.9	0.381	1.2	1.6	0.795	0.2	1.8	2	3.2	0.7	0.3	0.7	1	10.2	G		\N
354	1626149	Montrezl Harrell	1610612747	LAL	69	22.9	5.4	8.7	0.622	0	0.1	0	2.6	3.7	0.707	2.3	3.9	6.2	1.1	0.7	0.7	1.1	1.9	13.5	FC	F	12
355	1629021	Moritz Wagner	1610612753	ORL	45	16	2.3	5.1	0.454	0.7	2	0.341	1.6	1.9	0.816	0.6	2.6	3.2	1.1	0.6	0.4	1	2.4	6.9	FC		\N
356	1629650	Moses Brown	1610612760	OKC	43	21.4	3.4	6.2	0.545	0	0	0	1.8	2.9	0.619	3.6	5.3	8.9	0.2	0.7	1.1	1	2.2	8.6	C	C	2
357	1628539	Mychal Mulder	1610612744	GSW	60	12.8	2	4.4	0.449	1.4	3.6	0.397	0.2	0.4	0.636	0.1	0.9	1	0.4	0.2	0.2	0.3	0.9	5.6	G		\N
358	1626167	Myles Turner	1610612754	IND	47	31	4.4	9.2	0.477	1.5	4.4	0.335	2.4	3	0.782	1.3	5.2	6.5	1	0.9	3.4	1.4	3.5	12.6	FC	C	7
359	1630230	Naji Marshall	1610612740	NOP	32	21.9	2.6	6.5	0.392	0.9	2.6	0.349	1.7	2.3	0.707	0.5	4.2	4.6	2.8	0.8	0.3	1.2	1.8	7.7	F		\N
360	1629642	Nassir Little	1610612757	POR	48	13.3	1.6	3.5	0.467	0.6	1.7	0.35	0.8	0.9	0.8	0.7	2	2.7	0.5	0.1	0.3	0.4	1.1	4.6	GF		\N
361	1630268	Nate Darling	1610612766	CHA	7	3.7	0.3	1	0.286	0.3	1	0.286	0.4	0.4	1	0.1	0	0.1	0.1	0	0.1	0.1	0.1	1.3	G		\N
362	1630207	Nate Hinton	1610612742	DAL	21	4.4	0.7	2	0.357	0.2	0.9	0.211	0.3	0.5	0.7	0	0.4	0.4	0.4	0.3	0.1	0.2	0.4	2	GF		\N
363	1630233	Nathan Knight	1610612737	ATL	33	8.4	1.1	3	0.37	0.2	1	0.182	1.3	1.7	0.8	0.8	1.4	2.2	0.2	0.3	0.3	0.5	0.7	3.8	FC		\N
364	1629675	Naz Reid	1610612750	MIN	70	19.2	4.3	8.3	0.523	0.9	2.5	0.351	1.6	2.4	0.693	1.2	3.4	4.6	1	0.5	1.1	1	2.6	11.2	FC		\N
365	202357	Nemanja Bjelica	1610612748	MIA	37	16.1	2.4	5.3	0.454	0.7	2.3	0.318	1	1.4	0.725	0.8	2.6	3.4	1.9	0.4	0.1	0.9	1.8	6.5	F		\N
366	203457	Nerlens Noel	1610612752	NYK	64	24.2	2.1	3.5	0.614	0	0	0	0.8	1.1	0.714	2.2	4.1	6.4	0.7	1.1	2.2	1	2.8	5.1	FC	U	2
367	1630208	Nick Richards	1610612766	CHA	18	3.5	0.2	0.5	0.444	0	0.1	0	0.4	0.6	0.636	0.2	0.4	0.6	0.1	0	0	0.2	0.4	0.8	C		\N
368	1629638	Nickeil Alexander-Walker	1610612740	NOP	46	21.9	4.2	10	0.419	1.7	4.8	0.347	1	1.4	0.727	0.3	2.8	3.1	2.2	1	0.5	1.5	1.9	11	G		\N
369	1630185	Nico Mannion	1610612744	GSW	30	12.1	1.3	3.8	0.342	0.7	2	0.367	0.8	0.9	0.821	0.2	1.3	1.5	2.3	0.5	0	1	1	4.1	G		\N
370	201587	Nicolas Batum	1610612746	LAC	67	27.4	2.9	6.1	0.464	1.6	4.1	0.404	0.7	0.9	0.828	0.7	4	4.7	2.2	1	0.6	0.8	1.5	8.1	GF		\N
371	1629651	Nicolas Claxton	1610612751	BKN	32	18.6	2.8	4.5	0.621	0	0.2	0.2	1	2	0.484	1.3	3.8	5.2	0.9	0.7	1.3	0.6	2.1	6.6	FC		\N
372	1629740	Nicolo Melli	1610612742	DAL	45	12.6	1	3.1	0.326	0.5	1.9	0.271	0.4	0.6	0.76	0.6	2.1	2.7	1	0.3	0.1	0.3	1.3	3	F		\N
373	203999	Nikola Jokic	1610612743	DEN	72	34.6	10.2	18	0.566	1.3	3.3	0.388	4.8	5.5	0.868	2.8	8	10.8	8.3	1.3	0.7	3.1	2.7	26.4	C	U	7
374	202696	Nikola Vucevic	1610612741	CHI	70	33.5	9.5	19.9	0.477	2.5	6.3	0.4	1.9	2.2	0.84	2.1	9.6	11.7	3.8	0.9	0.7	1.8	2	23.4	C	U	8
375	203943	Noah Vonleh	1610612751	BKN	4	2.7	0	0.8	0	0	0.5	0	0	0	0	0	0.3	0.3	0.3	0	0	0.5	0.5	0	F		\N
376	1626181	Norman Powell	1610612757	POR	69	32	6.3	13.3	0.477	2.5	6	0.411	3.4	3.9	0.871	0.6	2.5	3.1	1.9	1.2	0.3	1.7	2.3	18.6	G	G	7
377	203658	Norvel Pelle	1610612752	NYK	13	6.4	0.6	1.2	0.533	0	0	0	0.3	0.5	0.667	0.5	1	1.5	0.2	0.1	0.7	0.2	1.1	1.5	C		\N
378	1628384	OG Anunoby	1610612761	TOR	43	33.3	5.8	12.1	0.48	2.4	6.1	0.398	1.9	2.4	0.784	1.3	4.3	5.5	2.2	1.5	0.7	1.7	2.7	15.9	F	U	6
379	1630167	Obi Toppin	1610612752	NYK	62	11	1.7	3.4	0.498	0.4	1.4	0.306	0.3	0.4	0.731	0.4	1.8	2.2	0.5	0.3	0.2	0.4	0.9	4.1	F		\N
380	1630168	Onyeka Okongwu	1610612737	ATL	50	12	1.9	3	0.644	0	0.1	0	0.7	1.1	0.632	1.2	2	3.3	0.4	0.5	0.7	0.6	2	4.6	FC		\N
381	203490	Otto Porter Jr.	1610612753	ORL	28	21.7	3.5	8.1	0.432	1.4	3.7	0.375	1.3	1.5	0.857	1	4.4	5.4	2	0.6	0.1	0.9	1.5	9.7	F		\N
382	200782	P.J. Tucker	1610612749	MIL	52	26.1	1.3	3.4	0.373	0.8	2.3	0.336	0.4	0.5	0.75	1	2.9	3.9	1.2	0.8	0.4	0.8	2.4	3.7	F		\N
383	1629023	P.J. Washington	1610612766	CHA	64	30.5	4.7	10.7	0.44	1.8	4.5	0.386	1.7	2.3	0.745	1.5	5.1	6.5	2.5	1.1	1.2	2	2.7	12.9	F	U	3
384	1628408	PJ Dozier	1610612743	DEN	50	21.8	3	7.1	0.417	0.9	3	0.315	0.8	1.3	0.636	0.7	2.9	3.6	1.8	0.6	0.4	0.9	1.7	7.7	GF		\N
385	1627783	Pascal Siakam	1610612761	TOR	56	35.8	7.8	17.2	0.455	1.3	4.4	0.297	4.4	5.4	0.827	1.7	5.5	7.2	4.5	1.1	0.7	2.3	3.1	21.4	F	U	11
386	1626192	Pat Connaughton	1610612749	MIL	69	22.8	2.4	5.6	0.434	1.5	3.9	0.371	0.4	0.6	0.775	0.9	3.9	4.8	1.2	0.7	0.3	0.5	1.4	6.8	G	U	5
387	201976	Patrick Beverley	1610612746	LAC	37	22.5	2.5	5.9	0.423	1.5	3.8	0.397	1	1.2	0.8	0.8	2.4	3.2	2.1	0.8	0.8	0.9	2.9	7.5	G		\N
388	1627775	Patrick McCaw	1610612761	TOR	5	6.7	0.2	0.2	1	0	0	0	0.6	0.6	1	0.2	0.4	0.6	0.8	0.4	0	0	1.2	1	G		\N
389	202335	Patrick Patterson	1610612746	LAC	38	15.3	1.9	4.3	0.436	1.1	2.9	0.357	0.3	0.4	0.765	0.5	1.5	2	0.8	0.4	0.2	0.3	1.2	5.2	F		\N
390	1630172	Patrick Williams	1610612741	CHI	71	27.9	3.6	7.4	0.483	0.8	1.9	0.391	1.3	1.8	0.728	0.9	3.7	4.6	1.4	0.9	0.6	1.4	1.8	9.2	F		\N
391	201988	Patty Mills	1610612759	SAS	68	24.8	3.7	9	0.412	2.4	6.3	0.375	1	1.1	0.91	0.3	1.4	1.7	2.4	0.6	0	1	1.2	10.8	G		\N
392	202331	Paul George	1610612746	LAC	54	33.7	8.2	17.6	0.467	3.2	7.7	0.411	3.7	4.2	0.868	0.8	5.8	6.6	5.2	1.1	0.4	3.3	2.4	23.3	F	F	12
393	200794	Paul Millsap	1610612743	DEN	56	20.8	3.4	7.2	0.476	0.9	2.6	0.343	1.3	1.8	0.724	1.4	3.3	4.7	1.8	0.9	0.6	0.9	2	9	F		\N
394	1630194	Paul Reed	1610612755	PHI	26	6.8	1.6	3	0.538	0	0.2	0	0.2	0.3	0.5	1.2	1.2	2.3	0.5	0.4	0.5	0.5	1.1	3.4	F		\N
395	1628778	Paul Watson	1610612761	TOR	27	11	1.4	3	0.463	1.1	2.4	0.469	0.2	0.3	0.625	0.1	1.5	1.7	0.6	0.2	0.1	0.3	1.3	4.1	G		\N
396	1630202	Payton Pritchard	1610612738	BOS	66	19.2	2.8	6.3	0.44	1.5	3.8	0.411	0.6	0.7	0.889	0.5	1.9	2.4	1.8	0.6	0.1	0.8	1.6	7.7	G		\N
397	1630173	Precious Achiuwa	1610612748	MIA	61	12.1	2	3.7	0.544	0	0	0	0.9	1.8	0.509	1.2	2.2	3.4	0.5	0.3	0.5	0.7	1.5	5	F		\N
398	1626188	Quinn Cook	1610612739	CLE	23	6.8	1.3	3	0.426	0.5	1.1	0.423	0.3	0.3	0.875	0.1	0.7	0.7	0.8	0.2	0	0.3	0.4	3.3	G		\N
399	1629683	Quinndary Weatherspoon	1610612759	SAS	20	6.1	0.8	1.8	0.457	0.1	0.3	0.167	0.7	0.8	0.813	0.2	0.4	0.6	0.4	0.4	0.1	0.5	0.9	2.3	G		\N
400	1630181	R.J. Hampton	1610612753	ORL	51	17.4	2.7	6.1	0.435	0.5	1.7	0.31	1.1	1.6	0.671	0.6	2.9	3.5	1.7	0.4	0.2	1	1.2	6.9	G		\N
401	1629628	RJ Barrett	1610612752	NYK	72	34.9	6.5	14.7	0.441	1.7	4.3	0.401	2.9	3.8	0.746	0.9	4.8	5.8	3	0.7	0.3	1.9	2.6	17.6	GF	G	12
402	200765	Rajon Rondo	1610612746	LAC	45	17.1	2.1	4.8	0.442	0.8	2	0.404	0.4	0.4	0.941	0.4	2	2.4	4.4	0.8	0.1	1.8	1.2	5.4	G		\N
403	203526	Raul Neto	1610612764	WAS	64	21.9	3.3	7	0.468	1	2.6	0.39	1.2	1.3	0.882	0.4	2	2.4	2.3	1.1	0.1	0.8	1.7	8.7	G		\N
404	1629034	Ray Spalding	1610612745	HOU	2	9.4	1	2	0.5	0	0.5	0	0	1	0	1	1	2	0	0	1	1.5	1.5	2	F		\N
405	1629730	Rayjon Tucker	1610612755	PHI	14	4.9	0.6	1.3	0.5	0.1	0.5	0.286	1	1.4	0.737	0.1	0.7	0.8	0.4	0.1	0	0.3	0.6	2.4	G		\N
406	203493	Reggie Bullock	1610612752	NYK	65	30	3.8	8.6	0.442	2.5	6.1	0.41	0.8	0.8	0.909	0.2	3.2	3.4	1.5	0.8	0.2	0.7	2.2	10.9	GF		\N
407	202704	Reggie Jackson	1610612746	LAC	67	23	3.9	8.7	0.45	1.8	4.2	0.433	1	1.2	0.817	0.4	2.5	2.9	3.1	0.6	0.1	1.1	1.9	10.7	G		\N
408	1629617	Reggie Perry	1610612751	BKN	26	8.1	1.2	3	0.41	0.2	0.8	0.19	0.4	0.5	0.769	1	1.8	2.8	0.5	0.2	0.2	0.6	1.5	3	FC		\N
409	1626158	Richaun Holmes	1610612758	SAC	61	29.2	6	9.4	0.637	0	0.2	0.182	2.2	2.8	0.794	2.4	5.9	8.3	1.7	0.6	1.6	1.2	3.5	14.2	F	U	7
410	201937	Ricky Rubio	1610612750	MIN	68	26.1	2.8	7.3	0.388	1	3.1	0.308	1.9	2.2	0.867	0.4	2.9	3.3	6.4	1.4	0.1	1.6	2	8.6	G	G	5
411	203496	Robert Covington	1610612757	POR	70	32	2.9	7.3	0.401	1.9	5.1	0.379	0.7	0.9	0.806	0.9	5.8	6.7	1.7	1.4	1.2	0.9	2.8	8.5	F	F	11
412	1629057	Robert Williams III	1610612738	BOS	52	18.9	3.6	5	0.721	0	0	0	0.9	1.4	0.616	2.6	4.3	6.9	1.8	0.8	1.8	1	2	8	FC	U	4
413	1630218	Robert Woodard II	1610612758	SAC	13	3.5	0.6	1.5	0.4	0.1	0.5	0.167	0.2	0.6	0.375	0.3	0.9	1.2	0.2	0	0.2	0.1	0.3	1.5	F		\N
414	201577	Robin Lopez	1610612764	WAS	71	19.1	3.8	6	0.633	0.1	0.3	0.278	1.4	1.9	0.723	2	1.8	3.8	0.8	0.2	0.6	1.1	1.5	9	C		\N
415	1629066	Rodions Kurucs	1610612749	MIL	21	5.9	0.5	1.5	0.344	0.3	1	0.286	0.1	0.2	0.75	0.2	0.9	1.1	0.5	0.4	0.2	0.6	0.8	1.5	F		\N
416	203918	Rodney Hood	1610612761	TOR	55	17.1	1.7	4.7	0.362	0.6	2.1	0.301	0.4	0.5	0.857	0.4	1.5	1.9	1	0.4	0.1	0.7	1.3	4.5	GF		\N
417	203585	Rodney McGruder	1610612765	DET	16	12.1	2.3	4.4	0.529	0.7	1.5	0.458	0.4	0.5	0.75	0.5	0.9	1.4	1	0.5	0.1	0.4	0.8	5.7	G		\N
418	1626220	Royce O'Neale	1610612762	UTA	71	31.6	2.5	5.5	0.444	1.5	3.9	0.385	0.5	0.6	0.848	1.2	5.6	6.8	2.5	0.8	0.5	1.2	2.6	7	F	U	10
419	200752	Rudy Gay	1610612759	SAS	63	21.6	4.2	10	0.42	1.7	4.4	0.381	1.3	1.6	0.804	0.7	4.1	4.8	1.4	0.7	0.6	1	1.8	11.4	GF		\N
420	203497	Rudy Gobert	1610612762	UTA	71	30.8	5.5	8.2	0.675	0	0.1	0	3.3	5.3	0.623	3.4	10.1	13.5	1.3	0.6	2.7	1.7	2.3	14.3	C	C	10
421	1629060	Rui Hachimura	1610612764	WAS	57	31.5	5.4	11.4	0.478	0.8	2.4	0.328	2.2	2.8	0.77	0.9	4.6	5.5	1.4	0.8	0.1	1.2	2.1	13.8	F	F	3
422	201566	Russell Westbrook	1610612764	WAS	65	36.4	8.4	19	0.439	1.3	4.2	0.315	4.2	6.4	0.656	1.7	9.9	11.5	11.7	1.4	0.4	4.8	2.9	22.2	G	G	12
423	1627853	Ryan Arcidiacono	1610612741	CHI	44	10.2	1.1	2.7	0.419	0.6	1.5	0.373	0.3	0.5	0.65	0.1	1.4	1.5	1.3	0.2	0	0.2	1.1	3.1	G		\N
424	1630240	Saben Lee	1610612765	DET	48	16.3	2.1	4.4	0.471	0.2	0.5	0.348	1.3	1.9	0.685	0.4	1.6	2	3.6	0.7	0.3	1.1	1.6	5.6	G		\N
425	1630180	Saddiq Bey	1610612765	DET	70	27.3	4	9.9	0.404	2.5	6.6	0.38	1.8	2.1	0.844	0.6	3.9	4.5	1.4	0.7	0.2	0.9	1.6	12.2	F		\N
426	1630241	Sam Merrill	1610612749	MIL	30	7.8	1.1	2.4	0.444	0.7	1.6	0.447	0.1	0.1	1	0.2	0.8	1	0.7	0.3	0	0.3	0.6	3	G		\N
427	1630253	Sean McDermott	1610612763	MEM	18	8.8	0.7	1.8	0.394	0.3	1.2	0.227	0.4	0.4	1	0.3	0.7	1.1	0.2	0.1	0.2	0.2	0.4	2.2	F		\N
428	1629635	Sekou Doumbouya	1610612765	DET	56	15.5	1.9	5	0.379	0.5	2.1	0.226	0.8	1.1	0.703	0.7	1.9	2.6	0.8	0.4	0.2	0.8	1.7	5.1	F		\N
429	1628400	Semi Ojeleye	1610612738	BOS	56	17	1.6	3.9	0.403	1	2.8	0.367	0.4	0.6	0.75	0.6	2.1	2.6	0.7	0.3	0	0.4	1	4.6	F		\N
430	201586	Serge Ibaka	1610612746	LAC	41	23.3	4.5	8.9	0.51	1	2.8	0.339	1	1.3	0.811	1.8	4.9	6.7	1.8	0.2	1.1	1.1	1.9	11.1	F	U	6
431	203552	Seth Curry	1610612755	PHI	57	28.7	4.5	9.7	0.467	2.2	4.9	0.45	1.2	1.4	0.896	0.2	2.2	2.4	2.7	0.8	0.1	1.1	1.7	12.5	G		\N
432	1628983	Shai Gilgeous-Alexander	1610612760	OKC	35	33.7	8.2	16.1	0.508	2	4.9	0.418	5.3	6.5	0.808	0.5	4.2	4.7	5.9	0.8	0.7	3	2	23.7	GF	U	2
433	1629003	Shake Milton	1610612755	PHI	63	23.2	4.8	10.6	0.45	1.1	3.2	0.35	2.3	2.8	0.83	0.5	1.8	2.3	3.1	0.6	0.3	1.6	2.1	13	GF		\N
434	1627885	Shaquille Harrison	1610612743	DEN	34	9.8	0.8	2.3	0.333	0.1	0.5	0.188	0.5	0.6	0.818	0.2	1.2	1.4	0.7	0.5	0.1	0.3	1	2.1	G		\N
435	1628414	Sindarius Thornwell	1610612753	ORL	21	10.3	0.7	2.2	0.326	0.3	1.1	0.304	0.2	0.4	0.5	0.1	0.7	0.9	1	0.6	0.1	0.3	0.7	2	G		\N
436	1630219	Skylar Mays	1610612737	ATL	33	8.2	1.3	3	0.449	0.4	1.2	0.35	0.7	0.8	0.88	0.3	0.8	1.1	0.9	0.4	0.1	0.3	0.5	3.8	G		\N
437	203524	Solomon Hill	1610612737	ATL	71	21.3	1.5	4.2	0.359	1	3	0.321	0.5	0.6	0.761	0.6	2.4	3	1.1	0.7	0.2	0.6	1.6	4.5	F		\N
438	203915	Spencer Dinwiddie	1610612751	BKN	3	21.4	2	5.3	0.375	0.7	2.3	0.286	2	2	1	0	4.3	4.3	3	0.7	0.3	1.7	1.3	6.7	G		\N
439	1626169	Stanley Johnson	1610612761	TOR	61	16.5	1.5	3.8	0.382	0.7	2.2	0.328	0.7	0.9	0.8	0.5	2	2.5	1.5	0.9	0.3	0.9	1.9	4.4	GF		\N
440	201939	Stephen Curry	1610612744	GSW	63	34.2	10.4	21.7	0.482	5.3	12.7	0.421	5.7	6.3	0.916	0.5	5	5.5	5.8	1.2	0.1	3.4	1.9	32	G	G	10
441	1628425	Sterling Brown	1610612745	HOU	51	24.1	2.9	6.6	0.448	1.8	4.2	0.423	0.5	0.6	0.806	0.7	3.6	4.4	1.4	0.7	0.2	0.8	1.9	8.2	GF		\N
442	203500	Steven Adams	1610612740	NOP	58	27.7	3.3	5.3	0.614	0	0.1	0	1	2.3	0.444	3.7	5.2	8.9	1.9	0.9	0.7	1.3	1.9	7.6	C	C	11
443	1629004	Svi Mykhailiuk	1610612760	OKC	66	20.1	3.2	7.7	0.411	1.6	4.8	0.334	0.6	0.8	0.76	0.4	2.1	2.5	1.7	0.8	0.2	1.3	1	8.5	GF		\N
444	204456	T.J. McConnell	1610612754	IND	69	26	4	7.1	0.559	0.2	0.7	0.313	0.5	0.7	0.688	0.8	2.9	3.7	6.6	1.9	0.3	2	1.6	8.6	G	U	12
445	203933	T.J. Warren	1610612754	IND	4	29.3	6.8	12.8	0.529	0	1.8	0	2	2.5	0.8	0.5	3	3.5	1.3	0.5	0	1	4	15.5	F		\N
446	1629605	Tacko Fall	1610612738	BOS	19	7.1	1.1	1.5	0.724	0	0	0	0.3	0.8	0.333	0.8	1.9	2.7	0.2	0.1	1.1	0.3	1.2	2.5	C		\N
447	201959	Taj Gibson	1610612752	NYK	45	20.8	2.2	3.5	0.627	0.1	0.3	0.2	0.9	1.2	0.727	2.2	3.4	5.6	0.8	0.7	1.1	0.5	2.2	5.4	F		\N
448	1629659	Talen Horton-Tucker	1610612747	LAL	65	20.1	3.4	7.5	0.458	0.6	2	0.282	1.5	2	0.775	0.4	2.2	2.6	2.8	1	0.3	1.6	2	9	G		\N
449	1627752	Taurean Prince	1610612739	CLE	41	22.1	3.2	8	0.401	1.5	3.8	0.4	1.6	1.9	0.855	0.5	3	3.5	1.9	0.7	0.6	1.1	1.8	9.5	F		\N
450	1629611	Terance Mann	1610612746	LAC	67	18.9	2.7	5.2	0.509	0.6	1.4	0.418	1.2	1.4	0.83	0.8	2.8	3.6	1.6	0.4	0.2	0.6	1.9	7	GF		\N
451	1629056	Terence Davis	1610612758	SAC	61	17.6	3.2	7.5	0.428	1.6	4.4	0.367	0.7	0.9	0.818	0.3	2.2	2.5	1.4	0.7	0.2	1	1.6	8.7	G		\N
452	1628390	Terrance Ferguson	1610612755	PHI	13	3.8	0.1	0.5	0.143	0	0.4	0	0	0	0	0	0.1	0.1	0.2	0.1	0	0.3	0.5	0.2	G		\N
453	203082	Terrence Ross	1610612753	ORL	46	29.3	5.5	13.4	0.412	1.9	5.7	0.337	2.6	3	0.87	0.3	3.1	3.4	2.3	1	0.5	1.6	1.9	15.6	GF	F	1
454	1626179	Terry Rozier	1610612766	CHA	69	34.5	7.4	16.4	0.45	3.2	8.3	0.389	2.4	2.9	0.817	0.7	3.7	4.4	4.2	1.3	0.4	1.9	1.7	20.4	G	G	12
455	201152	Thaddeus Young	1610612741	CHI	68	24.3	5.4	9.7	0.559	0.2	0.7	0.267	1	1.7	0.628	2.5	3.8	6.2	4.3	1.1	0.6	2	2.2	12.1	F	U	1
456	203648	Thanasis Antetokounmpo	1610612749	MIL	57	9.7	1.2	2.4	0.489	0.1	0.5	0.241	0.4	0.9	0.51	0.9	1.2	2.2	0.8	0.4	0.2	0.8	1.3	2.9	F		\N
457	1630177	Theo Maledon	1610612760	OKC	65	27.3	3.5	9.4	0.368	1.6	4.8	0.335	1.6	2.1	0.748	0.4	2.9	3.2	3.5	0.9	0.2	2.2	1.9	10.1	G		\N
458	1629033	Theo Pinson	1610612752	NYK	17	2	0.1	0.5	0.111	0	0.5	0	0	0	0	0	0.3	0.3	0.1	0	0	0.1	0.2	0.1	GF		\N
459	1628418	Thomas Bryant	1610612764	WAS	10	27.1	5.9	9.1	0.648	0.9	2.1	0.429	1.6	2.4	0.667	1.8	4.3	6.1	1.5	0.4	0.8	1.1	3.1	14.3	FC		\N
460	1627748	Thon Maker	1610612739	CLE	8	9.6	1.3	2.3	0.556	0	0.3	0	1.3	1.4	0.909	1	1.3	2.3	0.5	0.3	0.5	0.4	0.9	3.8	FC		\N
461	204025	Tim Frazier	1610612763	MEM	5	12.4	0.6	4	0.15	0	1.6	0	0.4	1.2	0.333	0	1.6	1.6	3.2	0.4	0.2	0.8	1.4	1.6	G		\N
462	203501	Tim Hardaway Jr.	1610612742	DAL	70	28.4	5.8	13	0.447	3	7.6	0.391	2	2.5	0.816	0.3	3	3.3	1.8	0.4	0.2	0.9	1.6	16.6	GF	U	7
463	1627789	Timothe Luwawu-Cabarrot	1610612751	BKN	58	18.1	2.2	6.1	0.365	1.3	4.1	0.314	0.6	0.7	0.814	0.5	1.7	2.2	1.2	0.6	0.1	0.7	1.7	6.4	GF		\N
464	202699	Tobias Harris	1610612755	PHI	62	32.5	7.6	14.9	0.512	1.3	3.4	0.394	2.9	3.3	0.892	1	5.8	6.8	3.5	0.9	0.8	1.7	1.9	19.5	F	U	11
465	203107	Tomas Satoransky	1610612741	CHI	58	22.5	2.9	5.7	0.514	0.7	2	0.356	1.2	1.4	0.848	0.5	1.9	2.4	4.7	0.7	0.2	1.7	1.5	7.7	G		\N
466	1628396	Tony Bradley	1610612760	OKC	42	16.3	3.1	4.7	0.665	0	0.1	0	0.9	1.3	0.691	2	3.7	5.7	0.9	0.4	0.7	0.8	1.5	7.1	FC		\N
467	203503	Tony Snell	1610612737	ATL	47	21.1	1.9	3.6	0.515	1.3	2.3	0.569	0.2	0.2	1	0.4	2	2.4	1.3	0.3	0.2	0.4	1.6	5.3	G		\N
468	1628470	Torrey Craig	1610612756	PHX	50	16.1	2.2	4.5	0.48	0.8	2.1	0.368	0.3	0.4	0.773	1.1	2.8	3.9	1	0.6	0.5	0.5	1.7	5.5	F		\N
469	1629027	Trae Young	1610612737	ATL	63	33.7	7.7	17.7	0.438	2.2	6.3	0.343	7.7	8.7	0.886	0.6	3.3	3.9	9.4	0.8	0.2	4.1	1.8	25.3	G	G	2
470	1630200	Tre Jones	1610612759	SAS	37	7.3	1	2.1	0.474	0.1	0.1	0.6	0.5	0.5	0.895	0.2	0.4	0.6	1.1	0.2	0	0.4	0.4	2.5	G		\N
471	1629682	Tremont Waters	1610612738	BOS	26	9.1	1.3	3.2	0.405	0.6	1.5	0.395	0.6	0.7	0.941	0.2	0.6	0.8	2.4	0.6	0	1	0.7	3.8	G		\N
472	1630235	Trent Forrest	1610612762	UTA	30	10.1	1.1	2.4	0.451	0.2	0.9	0.192	0.6	0.6	1	0.4	1.1	1.5	1.5	0.3	0.1	0.7	0.7	2.9	G		\N
473	2772	Trevor Ariza	1610612748	MIA	30	28	3.3	8	0.411	1.7	4.8	0.35	1.1	1.5	0.773	0.9	3.9	4.8	1.8	1	0.6	0.7	1.8	9.4	F	U	11
474	203504	Trey Burke	1610612742	DAL	62	14.7	2.4	5.7	0.428	0.9	2.6	0.354	0.8	0.9	0.895	0.2	0.7	0.9	1.3	0.6	0.1	0.5	1	6.6	G		\N
475	1626168	Trey Lyles	1610612759	SAS	23	15.6	1.9	3.9	0.478	0.6	1.7	0.35	0.7	1	0.652	0.4	3.3	3.7	0.6	0.3	0	0.3	0.6	5	F		\N
476	202684	Tristan Thompson	1610612738	BOS	54	23.8	3.1	6	0.518	0	0.1	0	1.3	2.2	0.592	3.1	5	8.1	1.2	0.4	0.6	1.1	2.2	7.6	FC		\N
477	1628972	Troy Brown Jr.	1610612741	CHI	34	15.4	1.8	4.2	0.431	0.6	2.1	0.314	0.4	0.6	0.714	0.6	2.5	3.1	0.9	0.3	0.2	0.6	1.4	4.7	GF		\N
478	1629660	Ty Jerome	1610612760	OKC	33	23.9	3.9	8.7	0.446	2.2	5.1	0.423	0.8	1	0.765	0.3	2.5	2.8	3.6	0.6	0.2	1.4	1.8	10.7	GF		\N
479	1630234	Ty-Shon Alexander	1610612756	PHX	15	3.2	0.2	0.8	0.25	0.1	0.6	0.222	0.1	0.1	0.5	0.1	0.5	0.7	0.4	0	0.1	0.2	0.1	0.6	G		\N
480	1630189	Tyler Bey	1610612742	DAL	18	3.9	0.4	1.2	0.318	0.1	0.2	0.25	0.2	0.3	0.6	0.4	0.6	1.1	0.2	0	0.1	0.2	0.3	1	F		\N
481	1629076	Tyler Cook	1610612765	DET	32	13.7	2.2	3.2	0.67	0	0.1	0.5	0.5	1.1	0.486	0.9	2.1	3	0.5	0.3	0.1	0.7	1.1	4.9	F		\N
482	1629639	Tyler Herro	1610612748	MIA	54	30.3	5.7	12.9	0.439	2	5.5	0.36	1.7	2.2	0.803	0.5	4.5	5	3.4	0.6	0.3	1.9	1.3	15.1	G	G	8
483	204020	Tyler Johnson	1610612751	BKN	39	17.5	1.8	4.7	0.393	1.2	3.4	0.364	0.5	0.5	0.857	0.2	1.8	2	1.2	0.4	0	0.4	1.1	5.4	G		\N
484	1630179	Tyrell Terry	1610612742	DAL	11	5.1	0.5	1.5	0.313	0	0.6	0	0.1	0.3	0.333	0	0.5	0.5	0.5	0.5	0	0.2	0.2	1	G		\N
485	1630169	Tyrese Haliburton	1610612758	SAC	58	30.1	5	10.7	0.472	2.1	5.1	0.409	0.8	1	0.857	0.7	2.3	3	5.3	1.3	0.5	1.6	1.4	13	G	G	6
486	1630178	Tyrese Maxey	1610612755	PHI	61	15.3	3.2	7	0.462	0.5	1.7	0.301	1	1.1	0.871	0.2	1.5	1.7	2	0.4	0.2	0.7	1.3	8	G		\N
487	1626145	Tyus Jones	1610612763	MEM	70	17.5	2.5	5.9	0.431	0.6	2	0.321	0.6	0.6	0.911	0.3	1.7	2	3.7	0.9	0.1	0.7	0.4	6.3	G		\N
488	1628962	Udoka Azubuike	1610612762	UTA	15	3.8	0.3	0.6	0.444	0	0	0	0.5	0.7	0.8	0.3	0.6	0.9	0	0.1	0.3	0.2	0.6	1.1	FC		\N
489	1630176	Vernon Carey Jr.	1610612766	CHA	19	6	0.9	1.9	0.5	0.1	0.4	0.143	0.5	0.6	0.818	0.3	1.1	1.4	0.1	0.1	0.3	0.3	0.7	2.4	FC		\N
490	203506	Victor Oladipo	1610612748	MIA	33	32.7	7.1	17.5	0.408	2.4	7.2	0.326	3.2	4.2	0.754	0.4	4.5	4.8	4.6	1.4	0.4	2.5	2.5	19.8	G	U	1
491	1629738	Vincent Poirier	1610612755	PHI	10	3.9	0.3	1.2	0.25	0	0.1	0	0.2	0.6	0.333	0.6	0.8	1.4	0.2	0	0.3	0.4	0.8	0.8	FC		\N
492	1628427	Vlatko Cancar	1610612743	DEN	41	6.9	0.8	1.8	0.458	0.2	0.8	0.273	0.2	0.3	0.769	0.3	1	1.2	0.3	0.3	0	0.3	0.4	2.1	F		\N
493	201961	Wayne Ellington	1610612765	DET	46	22	3.2	7.3	0.441	2.5	6	0.422	0.6	0.8	0.8	0.3	1.6	1.8	1.5	0.4	0.2	0.7	1.3	9.6	G		\N
494	1628976	Wendell Carter Jr.	1610612753	ORL	54	25.5	4.3	8.5	0.503	0.3	0.9	0.294	2.4	3.3	0.732	2.4	5.8	8.2	1.9	0.6	0.8	1.4	2.7	11.2	FC	C	7
495	1629117	Wenyen Gabriel	1610612740	NOP	21	11.5	1.1	2.9	0.4	0.6	1.5	0.406	0.5	0.8	0.647	1	1.6	2.6	0.5	0.4	0.4	0.7	1.5	3.4	F		\N
496	1628411	Wes Iwundu	1610612740	NOP	41	13.1	0.8	2.5	0.333	0.1	1	0.122	0.6	0.8	0.839	0.4	1.8	2.2	0.4	0.4	0.1	0.5	1.2	2.4	F		\N
497	202083	Wesley Matthews	1610612747	LAL	58	19.5	1.5	4.3	0.353	1.1	3.4	0.335	0.6	0.7	0.854	0.3	1.3	1.6	0.9	0.7	0.3	0.4	1.4	4.8	G		\N
498	203115	Will Barton	1610612743	DEN	56	31	4.6	10.9	0.426	1.8	4.6	0.381	1.7	2.2	0.785	0.7	3.3	4	3.2	0.9	0.4	1.7	1.7	12.7	G		\N
499	1630266	Will Magnay	1610612740	NOP	1	3.3	0	1	0	0	1	0	0	0	0	0	0	0	0	0	0	1	1	0	C		\N
500	1626161	Willie Cauley-Stein	1610612742	DAL	53	17.1	2.2	3.4	0.632	0	0.2	0.091	0.9	1.5	0.628	1.2	3.2	4.5	0.7	0.4	0.8	0.5	2.4	5.3	C		\N
501	1626195	Willy Hernangomez	1610612740	NOP	47	18	3.2	5.7	0.563	0	0.2	0.1	1.3	2	0.667	2.5	4.6	7.1	1.1	0.5	0.5	0.7	1.4	7.8	FC		\N
502	1630214	Xavier Tillman	1610612763	MEM	59	18.4	2.8	5.1	0.559	0.4	1.1	0.338	0.6	0.9	0.642	1.3	3.1	4.3	1.3	0.7	0.6	0.8	2	6.6	F		\N
503	1627812	Yogi Ferrell	1610612746	LAC	10	13.7	2	5.7	0.351	0.9	2.8	0.321	0.7	0.9	0.778	0.5	1.4	1.9	2.2	0.7	0.3	0.3	1.1	5.6	G		\N
504	1629139	Yuta Watanabe	1610612761	TOR	50	14.5	1.6	3.6	0.439	0.7	1.8	0.4	0.5	0.6	0.828	0.7	2.5	3.2	0.8	0.5	0.4	0.4	1.1	4.4	GF		\N
505	203897	Zach LaVine	1610612741	CHI	58	35.1	9.8	19.4	0.507	3.4	8.2	0.419	4.4	5.1	0.849	0.6	4.4	5	4.9	0.8	0.5	3.5	2.4	27.4	GF	F	7
506	1630192	Zeke Nnaji	1610612743	DEN	42	9.5	1.2	2.5	0.481	0.6	1.4	0.407	0.3	0.4	0.8	0.3	1.2	1.5	0.2	0.2	0.1	0.2	0.7	3.2	FC		\N
507	1629627	Zion Williamson	1610612740	NOP	61	33.2	10.4	17	0.611	0.2	0.6	0.294	6	8.7	0.698	2.7	4.5	7.2	3.7	0.9	0.6	2.7	2.2	27	F	F	4
508	1628578	Amida Brimah	1610612754	IND	5	5.9	1	1.6	0.625	0	0	0	0.6	0.6	1	0.4	1.2	1.6	0.2	0	1	0.8	0.8	2.6	C		\N
509	2760	Anderson Varejao	1610612739	CLE	5	7.2	0.8	3.2	0.25	0	0.2	0	1	1.8	0.556	1.4	2.6	4	0.6	0	0.4	0.2	0.6	2.6	F		\N
510	201229	Anthony Tolliver	1610612755	PHI	11	9	0.4	1.5	0.235	0.4	1.3	0.286	0.5	0.5	0.833	0.3	0.6	0.9	0.2	0.3	0.2	0.3	0.6	1.5	F		\N
511	1629717	Armoni Brooks	1610612745	HOU	20	26	3.9	9.6	0.406	3	7.9	0.382	0.4	0.6	0.583	0.5	2.9	3.4	1.5	0.6	0.3	1.1	1.7	11.2	G		\N
512	1628419	Cameron Oliver	1610612745	HOU	4	21.8	4.8	8.3	0.576	1	3.3	0.308	0.3	1	0.25	1.3	4	5.3	1.3	0.5	1	0.8	2.8	10.8	F		\N
513	1629718	Charlie Brown Jr.	1610612760	OKC	9	16.9	1.4	4.8	0.302	0.6	2.3	0.238	1	1.1	0.9	0.3	1.6	1.9	1	0.4	0.2	0.7	2.1	4.4	G		\N
514	1629962	Devin Cannady	1610612753	ORL	8	9.3	1.4	3.5	0.393	0.8	2	0.375	0.8	0.9	0.857	0	0.6	0.6	0.1	0.6	0.1	0.3	1.1	4.3	G		\N
515	203473	Dewayne Dedmon	1610612748	MIA	16	13.2	2.9	4.1	0.708	0.1	0.3	0.2	1.3	1.7	0.741	1.8	3.6	5.4	0.8	0.6	0.4	0.8	2.3	7.1	C		\N
516	1629712	Didi Louzada	1610612740	NOP	3	18.8	1	4.3	0.231	0.7	2.7	0.25	0	0	0	0.3	0.7	1	1	0.7	0	1	1.7	2.7	G		\N
517	1629743	Donta Hall	1610612753	ORL	13	13.8	1.9	2.7	0.714	0	0	0	1.8	2.6	0.676	1.8	2.9	4.8	0.8	0.4	0.8	0.6	1.4	5.6	C		\N
518	1629091	Elijah Bryant	1610612749	MIL	1	31.6	6	13	0.462	1	5	0.2	3	3	1	2	4	6	3	0	1	4	4	16	G		\N
519	1630273	Freddie Gillespie	1610612761	TOR	20	19.6	2.2	4.2	0.524	0	0	0	1.2	1.7	0.697	2.1	2.8	4.9	0.5	0.7	1	0.6	2.2	5.6	F		\N
520	1630466	Gabriel Deck	1610612760	OKC	10	21.2	3.2	6.7	0.478	0.2	1.5	0.133	1.8	2.2	0.818	1.6	2.4	4	2.4	0.8	0	0.6	0.9	8.4	F		\N
521	1627780	Gary Payton II	1610612744	GSW	10	4	1	1.3	0.769	0.2	0.4	0.5	0.3	0.4	0.75	0.2	0.9	1.1	0.1	0.6	0.1	0.1	0.8	2.5	G		\N
522	1630203	Grant Riller	1610612766	CHA	7	3.9	1.1	1.7	0.667	0.3	0.6	0.5	0	0	0	0	0.1	0.1	0.4	0.1	0	0.1	0	2.6	G		\N
523	202738	Isaiah Thomas	1610612740	NOP	3	16.1	3	9	0.333	1	4	0.25	0.7	0.7	1	0.3	1	1.3	1.7	0.3	0	2	1	7.7	G		\N
524	203263	James Nunnally	1610612740	NOP	9	5.3	0.6	1.4	0.385	0.4	1.3	0.333	0.1	0.2	0.5	0.2	0.8	1	0.3	0	0	0.2	0.1	1.7	F		\N
525	1628991	Jaren Jackson Jr.	1610612763	MEM	11	23.5	4.8	11.4	0.424	1.5	5.5	0.283	3.2	3.8	0.833	1.5	4.1	5.6	1.1	1.1	1.6	1.4	3.8	14.4	FC		\N
526	1630206	Jay Scrubb	1610612746	LAC	4	21	3.5	9	0.389	0.5	2.3	0.222	1.3	1.3	1	0.5	3	3.5	0.3	1	0	1.8	1.3	8.8	G		\N
527	1629658	Jaylen Hoard	1610612760	OKC	19	16.8	2.3	4.6	0.5	0	0.6	0	1.5	2.2	0.683	1.1	2.3	3.4	1.3	0.7	0.3	0.9	1	6.1	F		\N
528	1629725	Jeremiah Martin	1610612739	CLE	9	8.4	1	3.7	0.273	0.3	1.3	0.25	0.1	0.6	0.2	0.2	0.6	0.8	0.4	0.6	0.2	0.7	0.1	2.4	G		\N
529	1629620	Justin Robinson	1610612760	OKC	9	9.7	0.8	2.3	0.333	0.4	1.6	0.286	0.3	0.6	0.6	0.1	0.7	0.8	1	0.3	0	0.2	1.1	2.3	G		\N
530	1629017	Khyri Thomas	1610612745	HOU	5	30.6	6.4	13.2	0.485	1.8	5.4	0.333	1.8	1.8	1	1.4	2.2	3.6	5	1.8	1.2	1.2	1.6	16.4	G		\N
531	1627739	Kris Dunn	1610612737	ATL	4	11.4	0.3	3	0.083	0	0.5	0	0.8	1	0.75	0	1.5	1.5	0.5	0.5	0.5	0.8	2.5	1.3	G		\N
532	1629663	Louis King	1610612758	SAC	6	14.2	2.8	5.7	0.5	0.7	1.8	0.364	1	1	1	0.8	2.2	3	1.5	1.2	0.5	0.7	1.5	7.3	F		\N
533	1630238	Malik Fitts	1610612746	LAC	3	3.6	0.3	1	0.333	0.3	0.7	0.5	0	0	0	0	1	1	0	0	0	0	1	1	F		\N
534	1628455	Mike James	1610612751	BKN	13	18.2	2.6	7.1	0.37	0.8	2.4	0.355	1.6	2.1	0.778	0.2	2.2	2.5	4.2	0.5	0.1	1.5	0.8	7.7	G		\N
535	1629052	Oshae Brissett	1610612754	IND	21	24.7	3.5	7.2	0.483	1.6	3.7	0.423	2.4	3.1	0.769	1.4	4.1	5.5	0.9	0.9	1	0.5	1.5	10.9	GF		\N
536	1629606	Robert Franks	1610612753	ORL	7	14.4	1.9	4	0.464	0.7	2.1	0.333	1.7	1.9	0.923	0.9	1.1	2	0.7	0.4	0.4	0.3	1.1	6.1	F		\N
537	1629641	Romeo Langford	1610612738	BOS	18	15.7	1.2	3.3	0.356	0.3	1	0.278	0.5	0.7	0.75	0.7	1.3	1.9	0.7	0.3	0.3	0.6	1.3	3.1	GF		\N
538	1626178	Rondae Hollis-Jefferson	1610612757	POR	11	9.8	0.8	1.6	0.5	0	0.1	0	0.8	1.5	0.563	1	1.4	2.4	1.2	0.2	0.4	0.2	1.4	2.5	F		\N
539	1628388	T.J. Leaf	1610612757	POR	7	5.1	0.7	1.4	0.5	0	0	0	0.3	0.3	1	0	0.7	0.7	0.1	0.3	0.1	0.3	0.1	1.7	F		\N
540	2617	Udonis Haslem	1610612748	MIA	1	2.7	2	2	1	0	0	0	0	0	0	0	1	1	0	0	0	0	0	4	F		\N
\.


--
-- Data for Name: fball_calculator_player_Pos; Type: TABLE DATA; Schema: public; Owner: -
--

COPY public."fball_calculator_player_Pos" (id, player_id, positions_id) FROM stdin;
1	1	2
2	2	1
3	3	1
4	3	2
5	4	2
6	5	1
7	6	2
8	6	3
9	7	2
10	8	1
11	9	3
12	10	2
13	11	1
14	12	3
15	13	2
16	14	2
17	15	1
18	15	2
19	16	3
20	17	1
21	17	2
22	18	1
23	18	2
24	19	2
25	20	1
26	21	2
27	21	3
28	22	1
29	23	2
30	24	2
31	25	2
32	25	3
33	26	2
34	26	3
35	27	1
36	27	2
37	28	1
38	29	1
39	30	1
40	30	2
41	31	2
42	31	3
43	32	1
44	33	1
45	33	2
46	34	3
47	35	2
48	36	3
49	37	2
50	38	1
51	39	2
52	40	2
53	40	3
54	41	1
55	42	1
56	43	2
57	44	1
58	45	2
59	46	1
60	46	2
61	47	1
62	48	3
63	49	1
64	49	2
65	50	2
66	51	2
67	51	3
68	52	1
69	53	1
70	54	1
71	54	2
72	55	1
73	56	2
74	57	1
75	57	2
76	58	2
77	59	1
78	60	2
79	61	1
80	62	2
81	63	1
82	64	1
83	65	1
84	66	2
85	67	1
86	67	2
87	68	1
88	69	2
89	69	3
90	70	2
91	70	3
92	71	1
93	72	1
94	73	2
95	74	2
96	75	2
97	76	3
98	77	1
99	78	2
100	79	2
101	79	3
102	80	1
103	81	1
104	82	1
105	83	2
106	83	3
107	84	1
108	85	1
109	86	2
110	87	1
111	87	2
112	88	1
113	89	3
114	90	1
115	91	1
116	91	2
117	92	1
118	93	2
119	93	3
120	94	3
121	95	2
122	95	3
123	96	2
124	97	1
125	98	1
126	99	1
127	99	2
128	100	2
129	100	3
130	101	1
131	101	2
132	102	1
133	103	2
134	104	1
135	104	2
136	105	2
137	106	1
138	107	1
139	107	2
140	108	1
141	109	3
142	110	1
143	110	2
144	111	1
145	111	2
146	112	3
147	113	2
148	113	3
149	114	3
150	115	1
151	115	2
152	116	1
153	117	1
154	118	2
155	119	1
156	120	1
157	121	1
158	122	2
159	123	2
160	124	1
161	125	1
162	126	1
163	127	1
164	128	1
165	128	2
166	129	1
167	130	2
168	131	1
169	132	1
170	132	2
171	133	2
172	133	3
173	134	1
174	135	1
175	136	2
176	137	2
177	138	2
178	139	2
179	139	3
180	140	2
181	141	1
182	141	2
183	142	2
184	142	3
185	143	2
186	143	3
187	144	1
188	144	2
189	145	1
190	146	2
191	146	3
192	147	1
193	148	1
194	149	1
195	150	3
196	151	1
197	152	1
198	153	2
199	154	2
200	155	1
201	155	2
202	156	1
203	157	1
204	158	2
205	158	3
206	159	1
207	160	1
208	161	1
209	162	1
210	162	2
211	163	1
212	164	1
213	164	2
214	165	1
215	166	2
216	167	1
217	168	1
218	168	2
219	169	1
220	170	2
221	171	2
222	172	2
223	173	2
224	173	3
225	174	1
226	175	2
227	176	3
228	177	2
229	178	1
230	179	2
231	180	1
232	181	2
233	182	2
234	182	3
235	183	3
236	184	2
237	184	3
238	185	2
239	186	1
240	187	1
241	188	1
242	189	1
243	189	2
244	190	2
245	190	3
246	191	1
247	192	2
248	193	2
249	193	3
250	194	1
251	195	3
252	196	1
253	197	1
254	198	2
255	199	2
256	199	3
257	200	2
258	200	3
259	201	2
260	202	2
261	203	2
262	204	2
263	205	2
264	205	3
265	206	1
266	207	2
267	208	3
268	209	1
269	210	1
270	211	1
271	212	2
272	212	3
273	213	2
274	213	3
275	214	1
276	215	2
277	216	1
278	217	2
279	218	3
280	219	2
281	220	1
282	221	2
283	222	2
284	223	3
285	224	1
286	224	2
287	225	1
288	225	2
289	226	2
290	226	3
291	227	1
292	228	1
293	228	2
294	229	1
295	230	1
296	230	2
297	231	2
298	232	1
299	233	2
300	234	1
301	234	2
302	235	1
303	236	1
304	237	2
305	238	1
306	238	2
307	239	1
308	239	2
309	240	2
310	240	3
311	241	2
312	241	3
313	242	1
314	243	1
315	244	3
316	245	2
317	245	3
318	246	2
319	247	1
320	248	1
321	249	1
322	250	2
323	251	1
324	252	1
325	253	2
326	254	1
327	255	1
328	255	2
329	256	1
330	257	1
331	258	1
332	259	2
333	260	2
334	261	2
335	261	3
336	262	1
337	262	2
338	263	2
339	264	1
340	264	2
341	265	3
342	266	1
343	266	2
344	267	3
345	268	2
346	269	1
347	269	2
348	270	1
349	271	2
350	271	3
351	272	2
352	273	2
353	274	2
354	275	1
355	275	2
356	276	1
357	277	2
358	277	3
359	278	1
360	278	2
361	279	1
362	280	1
363	281	1
364	281	2
365	282	1
366	282	2
367	283	1
368	284	2
369	285	2
370	286	1
371	286	2
372	287	2
373	288	2
374	288	3
375	289	1
376	289	2
377	290	2
378	291	3
379	292	2
380	293	1
381	294	2
382	294	3
383	295	1
384	296	2
385	297	2
386	297	3
387	298	1
388	298	2
389	299	1
390	300	2
391	301	1
392	302	1
393	303	2
394	303	3
395	304	1
396	305	2
397	306	1
398	307	1
399	308	2
400	308	3
401	309	2
402	309	3
403	310	2
404	311	1
405	311	2
406	312	1
407	313	1
408	314	1
409	315	1
410	315	2
411	316	2
412	317	1
413	318	2
414	318	3
415	319	1
416	320	1
417	321	1
418	322	1
419	323	2
420	324	3
421	325	2
422	326	1
423	327	1
424	328	2
425	329	1
426	330	3
427	331	2
428	332	2
429	333	1
430	334	2
431	334	3
432	335	1
433	335	2
434	336	1
435	337	1
436	338	1
437	338	2
438	339	1
439	339	2
440	340	2
441	341	2
442	341	3
443	342	2
444	342	3
445	343	1
446	344	2
447	345	2
448	346	1
449	347	2
450	347	3
451	348	2
452	349	2
453	350	2
454	350	3
455	351	1
456	351	2
457	352	3
458	353	1
459	354	2
460	354	3
461	355	2
462	355	3
463	356	3
464	357	1
465	358	2
466	358	3
467	359	2
468	360	1
469	360	2
470	361	1
471	362	1
472	362	2
473	363	2
474	363	3
475	364	2
476	364	3
477	365	2
478	366	2
479	366	3
480	367	3
481	368	1
482	369	1
483	370	1
484	370	2
485	371	2
486	371	3
487	372	2
488	373	3
489	374	3
490	375	2
491	376	1
492	377	3
493	378	2
494	379	2
495	380	2
496	380	3
497	381	2
498	382	2
499	383	2
500	384	1
501	384	2
502	385	2
503	386	1
504	387	1
505	388	1
506	389	2
507	390	2
508	391	1
509	392	2
510	393	2
511	394	2
512	395	1
513	396	1
514	397	2
515	398	1
516	399	1
517	400	1
518	401	1
519	401	2
520	402	1
521	403	1
522	404	2
523	405	1
524	406	1
525	406	2
526	407	1
527	408	2
528	408	3
529	409	2
530	410	1
531	411	2
532	412	2
533	412	3
534	413	2
535	414	3
536	415	2
537	416	1
538	416	2
539	417	1
540	418	2
541	419	1
542	419	2
543	420	3
544	421	2
545	422	1
546	423	1
547	424	1
548	425	2
549	426	1
550	427	2
551	428	2
552	429	2
553	430	2
554	431	1
555	432	1
556	432	2
557	433	1
558	433	2
559	434	1
560	435	1
561	436	1
562	437	2
563	438	1
564	439	1
565	439	2
566	440	1
567	441	1
568	441	2
569	442	3
570	443	1
571	443	2
572	444	1
573	445	2
574	446	3
575	447	2
576	448	1
577	449	2
578	450	1
579	450	2
580	451	1
581	452	1
582	453	1
583	453	2
584	454	1
585	455	2
586	456	2
587	457	1
588	458	1
589	458	2
590	459	2
591	459	3
592	460	2
593	460	3
594	461	1
595	462	1
596	462	2
597	463	1
598	463	2
599	464	2
600	465	1
601	466	2
602	466	3
603	467	1
604	468	2
605	469	1
606	470	1
607	471	1
608	472	1
609	473	2
610	474	1
611	475	2
612	476	2
613	476	3
614	477	1
615	477	2
616	478	1
617	478	2
618	479	1
619	480	2
620	481	2
621	482	1
622	483	1
623	484	1
624	485	1
625	486	1
626	487	1
627	488	2
628	488	3
629	489	2
630	489	3
631	490	1
632	491	2
633	491	3
634	492	2
635	493	1
636	494	2
637	494	3
638	495	2
639	496	2
640	497	1
641	498	1
642	499	3
643	500	3
644	501	2
645	501	3
646	502	2
647	503	1
648	504	1
649	504	2
650	505	1
651	505	2
652	506	2
653	506	3
654	507	2
655	508	3
656	509	2
657	510	2
658	511	1
659	512	2
660	513	1
661	514	1
662	515	3
663	516	1
664	517	3
665	518	1
666	519	2
667	520	2
668	521	1
669	522	1
670	523	1
671	524	2
672	525	2
673	525	3
674	526	1
675	527	2
676	528	1
677	529	1
678	530	1
679	531	1
680	532	2
681	533	2
682	534	1
683	535	1
684	535	2
685	536	2
686	537	1
687	537	2
688	538	2
689	539	2
690	540	2
\.


--
-- Data for Name: fball_calculator_positions; Type: TABLE DATA; Schema: public; Owner: -
--

COPY public.fball_calculator_positions (id, "Position") FROM stdin;
1	G
2	F
3	C
\.


--
-- Data for Name: fball_calculator_team; Type: TABLE DATA; Schema: public; Owner: -
--

COPY public.fball_calculator_team (id, name) FROM stdin;
1	team 1
2	team cool
3	mumbo jumbo
4	boomers
5	stealers
6	3 guys
7	blockers
8	big bounders
9	super dupers
10	ultra dupers
11	old guys
12	last guys
\.


--
-- Name: auth_group_id_seq; Type: SEQUENCE SET; Schema: public; Owner: -
--

SELECT pg_catalog.setval('public.auth_group_id_seq', 1, false);


--
-- Name: auth_group_permissions_id_seq; Type: SEQUENCE SET; Schema: public; Owner: -
--

SELECT pg_catalog.setval('public.auth_group_permissions_id_seq', 1, false);


--
-- Name: auth_permission_id_seq; Type: SEQUENCE SET; Schema: public; Owner: -
--

SELECT pg_catalog.setval('public.auth_permission_id_seq', 40, true);


--
-- Name: auth_user_groups_id_seq; Type: SEQUENCE SET; Schema: public; Owner: -
--

SELECT pg_catalog.setval('public.auth_user_groups_id_seq', 1, false);


--
-- Name: auth_user_id_seq; Type: SEQUENCE SET; Schema: public; Owner: -
--

SELECT pg_catalog.setval('public.auth_user_id_seq', 1, false);


--
-- Name: auth_user_user_permissions_id_seq; Type: SEQUENCE SET; Schema: public; Owner: -
--

SELECT pg_catalog.setval('public.auth_user_user_permissions_id_seq', 1, false);


--
-- Name: django_admin_log_id_seq; Type: SEQUENCE SET; Schema: public; Owner: -
--

SELECT pg_catalog.setval('public.django_admin_log_id_seq', 1, false);


--
-- Name: django_content_type_id_seq; Type: SEQUENCE SET; Schema: public; Owner: -
--

SELECT pg_catalog.setval('public.django_content_type_id_seq', 10, true);


--
-- Name: django_migrations_id_seq; Type: SEQUENCE SET; Schema: public; Owner: -
--

SELECT pg_catalog.setval('public.django_migrations_id_seq', 20, true);


--
-- Name: fball_calculator_avrcomp_id_seq; Type: SEQUENCE SET; Schema: public; Owner: -
--

SELECT pg_catalog.setval('public.fball_calculator_avrcomp_id_seq', 4, true);


--
-- Name: fball_calculator_player_Pos_id_seq; Type: SEQUENCE SET; Schema: public; Owner: -
--

SELECT pg_catalog.setval('public."fball_calculator_player_Pos_id_seq"', 690, true);


--
-- Name: fball_calculator_player_id_seq; Type: SEQUENCE SET; Schema: public; Owner: -
--

SELECT pg_catalog.setval('public.fball_calculator_player_id_seq', 540, true);


--
-- Name: fball_calculator_positions_id_seq; Type: SEQUENCE SET; Schema: public; Owner: -
--

SELECT pg_catalog.setval('public.fball_calculator_positions_id_seq', 3, true);


--
-- Name: fball_calculator_team_id_seq; Type: SEQUENCE SET; Schema: public; Owner: -
--

SELECT pg_catalog.setval('public.fball_calculator_team_id_seq', 12, true);


--
-- Name: auth_group auth_group_name_key; Type: CONSTRAINT; Schema: public; Owner: -
--

ALTER TABLE ONLY public.auth_group
    ADD CONSTRAINT auth_group_name_key UNIQUE (name);


--
-- Name: auth_group_permissions auth_group_permissions_group_id_permission_id_0cd325b0_uniq; Type: CONSTRAINT; Schema: public; Owner: -
--

ALTER TABLE ONLY public.auth_group_permissions
    ADD CONSTRAINT auth_group_permissions_group_id_permission_id_0cd325b0_uniq UNIQUE (group_id, permission_id);


--
-- Name: auth_group_permissions auth_group_permissions_pkey; Type: CONSTRAINT; Schema: public; Owner: -
--

ALTER TABLE ONLY public.auth_group_permissions
    ADD CONSTRAINT auth_group_permissions_pkey PRIMARY KEY (id);


--
-- Name: auth_group auth_group_pkey; Type: CONSTRAINT; Schema: public; Owner: -
--

ALTER TABLE ONLY public.auth_group
    ADD CONSTRAINT auth_group_pkey PRIMARY KEY (id);


--
-- Name: auth_permission auth_permission_content_type_id_codename_01ab375a_uniq; Type: CONSTRAINT; Schema: public; Owner: -
--

ALTER TABLE ONLY public.auth_permission
    ADD CONSTRAINT auth_permission_content_type_id_codename_01ab375a_uniq UNIQUE (content_type_id, codename);


--
-- Name: auth_permission auth_permission_pkey; Type: CONSTRAINT; Schema: public; Owner: -
--

ALTER TABLE ONLY public.auth_permission
    ADD CONSTRAINT auth_permission_pkey PRIMARY KEY (id);


--
-- Name: auth_user_groups auth_user_groups_pkey; Type: CONSTRAINT; Schema: public; Owner: -
--

ALTER TABLE ONLY public.auth_user_groups
    ADD CONSTRAINT auth_user_groups_pkey PRIMARY KEY (id);


--
-- Name: auth_user_groups auth_user_groups_user_id_group_id_94350c0c_uniq; Type: CONSTRAINT; Schema: public; Owner: -
--

ALTER TABLE ONLY public.auth_user_groups
    ADD CONSTRAINT auth_user_groups_user_id_group_id_94350c0c_uniq UNIQUE (user_id, group_id);


--
-- Name: auth_user auth_user_pkey; Type: CONSTRAINT; Schema: public; Owner: -
--

ALTER TABLE ONLY public.auth_user
    ADD CONSTRAINT auth_user_pkey PRIMARY KEY (id);


--
-- Name: auth_user_user_permissions auth_user_user_permissions_pkey; Type: CONSTRAINT; Schema: public; Owner: -
--

ALTER TABLE ONLY public.auth_user_user_permissions
    ADD CONSTRAINT auth_user_user_permissions_pkey PRIMARY KEY (id);


--
-- Name: auth_user_user_permissions auth_user_user_permissions_user_id_permission_id_14a6b632_uniq; Type: CONSTRAINT; Schema: public; Owner: -
--

ALTER TABLE ONLY public.auth_user_user_permissions
    ADD CONSTRAINT auth_user_user_permissions_user_id_permission_id_14a6b632_uniq UNIQUE (user_id, permission_id);


--
-- Name: auth_user auth_user_username_key; Type: CONSTRAINT; Schema: public; Owner: -
--

ALTER TABLE ONLY public.auth_user
    ADD CONSTRAINT auth_user_username_key UNIQUE (username);


--
-- Name: django_admin_log django_admin_log_pkey; Type: CONSTRAINT; Schema: public; Owner: -
--

ALTER TABLE ONLY public.django_admin_log
    ADD CONSTRAINT django_admin_log_pkey PRIMARY KEY (id);


--
-- Name: django_content_type django_content_type_app_label_model_76bd3d3b_uniq; Type: CONSTRAINT; Schema: public; Owner: -
--

ALTER TABLE ONLY public.django_content_type
    ADD CONSTRAINT django_content_type_app_label_model_76bd3d3b_uniq UNIQUE (app_label, model);


--
-- Name: django_content_type django_content_type_pkey; Type: CONSTRAINT; Schema: public; Owner: -
--

ALTER TABLE ONLY public.django_content_type
    ADD CONSTRAINT django_content_type_pkey PRIMARY KEY (id);


--
-- Name: django_migrations django_migrations_pkey; Type: CONSTRAINT; Schema: public; Owner: -
--

ALTER TABLE ONLY public.django_migrations
    ADD CONSTRAINT django_migrations_pkey PRIMARY KEY (id);


--
-- Name: django_session django_session_pkey; Type: CONSTRAINT; Schema: public; Owner: -
--

ALTER TABLE ONLY public.django_session
    ADD CONSTRAINT django_session_pkey PRIMARY KEY (session_key);


--
-- Name: fball_calculator_avrcomp fball_calculator_avrcomp_pkey; Type: CONSTRAINT; Schema: public; Owner: -
--

ALTER TABLE ONLY public.fball_calculator_avrcomp
    ADD CONSTRAINT fball_calculator_avrcomp_pkey PRIMARY KEY (id);


--
-- Name: fball_calculator_player_Pos fball_calculator_player_Pos_pkey; Type: CONSTRAINT; Schema: public; Owner: -
--

ALTER TABLE ONLY public."fball_calculator_player_Pos"
    ADD CONSTRAINT "fball_calculator_player_Pos_pkey" PRIMARY KEY (id);


--
-- Name: fball_calculator_player_Pos fball_calculator_player__player_id_positions_id_2850e7d3_uniq; Type: CONSTRAINT; Schema: public; Owner: -
--

ALTER TABLE ONLY public."fball_calculator_player_Pos"
    ADD CONSTRAINT fball_calculator_player__player_id_positions_id_2850e7d3_uniq UNIQUE (player_id, positions_id);


--
-- Name: fball_calculator_player fball_calculator_player_pkey; Type: CONSTRAINT; Schema: public; Owner: -
--

ALTER TABLE ONLY public.fball_calculator_player
    ADD CONSTRAINT fball_calculator_player_pkey PRIMARY KEY (id);


--
-- Name: fball_calculator_positions fball_calculator_positions_Position_key; Type: CONSTRAINT; Schema: public; Owner: -
--

ALTER TABLE ONLY public.fball_calculator_positions
    ADD CONSTRAINT "fball_calculator_positions_Position_key" UNIQUE ("Position");


--
-- Name: fball_calculator_positions fball_calculator_positions_pkey; Type: CONSTRAINT; Schema: public; Owner: -
--

ALTER TABLE ONLY public.fball_calculator_positions
    ADD CONSTRAINT fball_calculator_positions_pkey PRIMARY KEY (id);


--
-- Name: fball_calculator_team fball_calculator_team_pkey; Type: CONSTRAINT; Schema: public; Owner: -
--

ALTER TABLE ONLY public.fball_calculator_team
    ADD CONSTRAINT fball_calculator_team_pkey PRIMARY KEY (id);


--
-- Name: auth_group_name_a6ea08ec_like; Type: INDEX; Schema: public; Owner: -
--

CREATE INDEX auth_group_name_a6ea08ec_like ON public.auth_group USING btree (name varchar_pattern_ops);


--
-- Name: auth_group_permissions_group_id_b120cbf9; Type: INDEX; Schema: public; Owner: -
--

CREATE INDEX auth_group_permissions_group_id_b120cbf9 ON public.auth_group_permissions USING btree (group_id);


--
-- Name: auth_group_permissions_permission_id_84c5c92e; Type: INDEX; Schema: public; Owner: -
--

CREATE INDEX auth_group_permissions_permission_id_84c5c92e ON public.auth_group_permissions USING btree (permission_id);


--
-- Name: auth_permission_content_type_id_2f476e4b; Type: INDEX; Schema: public; Owner: -
--

CREATE INDEX auth_permission_content_type_id_2f476e4b ON public.auth_permission USING btree (content_type_id);


--
-- Name: auth_user_groups_group_id_97559544; Type: INDEX; Schema: public; Owner: -
--

CREATE INDEX auth_user_groups_group_id_97559544 ON public.auth_user_groups USING btree (group_id);


--
-- Name: auth_user_groups_user_id_6a12ed8b; Type: INDEX; Schema: public; Owner: -
--

CREATE INDEX auth_user_groups_user_id_6a12ed8b ON public.auth_user_groups USING btree (user_id);


--
-- Name: auth_user_user_permissions_permission_id_1fbb5f2c; Type: INDEX; Schema: public; Owner: -
--

CREATE INDEX auth_user_user_permissions_permission_id_1fbb5f2c ON public.auth_user_user_permissions USING btree (permission_id);


--
-- Name: auth_user_user_permissions_user_id_a95ead1b; Type: INDEX; Schema: public; Owner: -
--

CREATE INDEX auth_user_user_permissions_user_id_a95ead1b ON public.auth_user_user_permissions USING btree (user_id);


--
-- Name: auth_user_username_6821ab7c_like; Type: INDEX; Schema: public; Owner: -
--

CREATE INDEX auth_user_username_6821ab7c_like ON public.auth_user USING btree (username varchar_pattern_ops);


--
-- Name: django_admin_log_content_type_id_c4bce8eb; Type: INDEX; Schema: public; Owner: -
--

CREATE INDEX django_admin_log_content_type_id_c4bce8eb ON public.django_admin_log USING btree (content_type_id);


--
-- Name: django_admin_log_user_id_c564eba6; Type: INDEX; Schema: public; Owner: -
--

CREATE INDEX django_admin_log_user_id_c564eba6 ON public.django_admin_log USING btree (user_id);


--
-- Name: django_session_expire_date_a5c62663; Type: INDEX; Schema: public; Owner: -
--

CREATE INDEX django_session_expire_date_a5c62663 ON public.django_session USING btree (expire_date);


--
-- Name: django_session_session_key_c0390e0f_like; Type: INDEX; Schema: public; Owner: -
--

CREATE INDEX django_session_session_key_c0390e0f_like ON public.django_session USING btree (session_key varchar_pattern_ops);


--
-- Name: fball_calculator_player_FTeam_id_2c55a436; Type: INDEX; Schema: public; Owner: -
--

CREATE INDEX "fball_calculator_player_FTeam_id_2c55a436" ON public.fball_calculator_player USING btree ("FTeam_id");


--
-- Name: fball_calculator_player_Pos_player_id_44008d6a; Type: INDEX; Schema: public; Owner: -
--

CREATE INDEX "fball_calculator_player_Pos_player_id_44008d6a" ON public."fball_calculator_player_Pos" USING btree (player_id);


--
-- Name: fball_calculator_player_Pos_positions_id_d2cd2ee0; Type: INDEX; Schema: public; Owner: -
--

CREATE INDEX "fball_calculator_player_Pos_positions_id_d2cd2ee0" ON public."fball_calculator_player_Pos" USING btree (positions_id);


--
-- Name: fball_calculator_positions_Position_637a210e_like; Type: INDEX; Schema: public; Owner: -
--

CREATE INDEX "fball_calculator_positions_Position_637a210e_like" ON public.fball_calculator_positions USING btree ("Position" varchar_pattern_ops);


--
-- Name: auth_group_permissions auth_group_permissio_permission_id_84c5c92e_fk_auth_perm; Type: FK CONSTRAINT; Schema: public; Owner: -
--

ALTER TABLE ONLY public.auth_group_permissions
    ADD CONSTRAINT auth_group_permissio_permission_id_84c5c92e_fk_auth_perm FOREIGN KEY (permission_id) REFERENCES public.auth_permission(id) DEFERRABLE INITIALLY DEFERRED;


--
-- Name: auth_group_permissions auth_group_permissions_group_id_b120cbf9_fk_auth_group_id; Type: FK CONSTRAINT; Schema: public; Owner: -
--

ALTER TABLE ONLY public.auth_group_permissions
    ADD CONSTRAINT auth_group_permissions_group_id_b120cbf9_fk_auth_group_id FOREIGN KEY (group_id) REFERENCES public.auth_group(id) DEFERRABLE INITIALLY DEFERRED;


--
-- Name: auth_permission auth_permission_content_type_id_2f476e4b_fk_django_co; Type: FK CONSTRAINT; Schema: public; Owner: -
--

ALTER TABLE ONLY public.auth_permission
    ADD CONSTRAINT auth_permission_content_type_id_2f476e4b_fk_django_co FOREIGN KEY (content_type_id) REFERENCES public.django_content_type(id) DEFERRABLE INITIALLY DEFERRED;


--
-- Name: auth_user_groups auth_user_groups_group_id_97559544_fk_auth_group_id; Type: FK CONSTRAINT; Schema: public; Owner: -
--

ALTER TABLE ONLY public.auth_user_groups
    ADD CONSTRAINT auth_user_groups_group_id_97559544_fk_auth_group_id FOREIGN KEY (group_id) REFERENCES public.auth_group(id) DEFERRABLE INITIALLY DEFERRED;


--
-- Name: auth_user_groups auth_user_groups_user_id_6a12ed8b_fk_auth_user_id; Type: FK CONSTRAINT; Schema: public; Owner: -
--

ALTER TABLE ONLY public.auth_user_groups
    ADD CONSTRAINT auth_user_groups_user_id_6a12ed8b_fk_auth_user_id FOREIGN KEY (user_id) REFERENCES public.auth_user(id) DEFERRABLE INITIALLY DEFERRED;


--
-- Name: auth_user_user_permissions auth_user_user_permi_permission_id_1fbb5f2c_fk_auth_perm; Type: FK CONSTRAINT; Schema: public; Owner: -
--

ALTER TABLE ONLY public.auth_user_user_permissions
    ADD CONSTRAINT auth_user_user_permi_permission_id_1fbb5f2c_fk_auth_perm FOREIGN KEY (permission_id) REFERENCES public.auth_permission(id) DEFERRABLE INITIALLY DEFERRED;


--
-- Name: auth_user_user_permissions auth_user_user_permissions_user_id_a95ead1b_fk_auth_user_id; Type: FK CONSTRAINT; Schema: public; Owner: -
--

ALTER TABLE ONLY public.auth_user_user_permissions
    ADD CONSTRAINT auth_user_user_permissions_user_id_a95ead1b_fk_auth_user_id FOREIGN KEY (user_id) REFERENCES public.auth_user(id) DEFERRABLE INITIALLY DEFERRED;


--
-- Name: django_admin_log django_admin_log_content_type_id_c4bce8eb_fk_django_co; Type: FK CONSTRAINT; Schema: public; Owner: -
--

ALTER TABLE ONLY public.django_admin_log
    ADD CONSTRAINT django_admin_log_content_type_id_c4bce8eb_fk_django_co FOREIGN KEY (content_type_id) REFERENCES public.django_content_type(id) DEFERRABLE INITIALLY DEFERRED;


--
-- Name: django_admin_log django_admin_log_user_id_c564eba6_fk_auth_user_id; Type: FK CONSTRAINT; Schema: public; Owner: -
--

ALTER TABLE ONLY public.django_admin_log
    ADD CONSTRAINT django_admin_log_user_id_c564eba6_fk_auth_user_id FOREIGN KEY (user_id) REFERENCES public.auth_user(id) DEFERRABLE INITIALLY DEFERRED;


--
-- Name: fball_calculator_player fball_calculator_pla_FTeam_id_2c55a436_fk_fball_cal; Type: FK CONSTRAINT; Schema: public; Owner: -
--

ALTER TABLE ONLY public.fball_calculator_player
    ADD CONSTRAINT "fball_calculator_pla_FTeam_id_2c55a436_fk_fball_cal" FOREIGN KEY ("FTeam_id") REFERENCES public.fball_calculator_team(id) DEFERRABLE INITIALLY DEFERRED;


--
-- Name: fball_calculator_player_Pos fball_calculator_pla_player_id_44008d6a_fk_fball_cal; Type: FK CONSTRAINT; Schema: public; Owner: -
--

ALTER TABLE ONLY public."fball_calculator_player_Pos"
    ADD CONSTRAINT fball_calculator_pla_player_id_44008d6a_fk_fball_cal FOREIGN KEY (player_id) REFERENCES public.fball_calculator_player(id) DEFERRABLE INITIALLY DEFERRED;


--
-- Name: fball_calculator_player_Pos fball_calculator_pla_positions_id_d2cd2ee0_fk_fball_cal; Type: FK CONSTRAINT; Schema: public; Owner: -
--

ALTER TABLE ONLY public."fball_calculator_player_Pos"
    ADD CONSTRAINT fball_calculator_pla_positions_id_d2cd2ee0_fk_fball_cal FOREIGN KEY (positions_id) REFERENCES public.fball_calculator_positions(id) DEFERRABLE INITIALLY DEFERRED;


--
-- PostgreSQL database dump complete
--

